page	stripe	column	line	left	top	right	bottom	confidence	letters
0		1	1825	99	1935	199	100	 
0		1	1873	99	1825	199	100	7
0		1	1924	99	1872	199	100	9
0		1	1993	99	1923	199	99	 
0		1	1723	99	1993	199	71	-
0		2	3184	462	3216	624	58	ك
0		2	3151	462	3183	624	98	ا
0		2	3111	462	3151	624	99	ن
0		2	3072	462	3111	624	100	 
0		2	3039	462	3072	624	100	ف
0		2	3012	462	3038	624	99	ي
0		2	2966	462	3013	624	100	 
0		2	2933	462	2967	624	97	م
0		2	2894	462	2934	624	98	ز
0		2	2848	462	2894	624	100	ي
0		2	2815	462	2848	624	99	د
0		2	2762	462	2815	624	100	 
0		2	2729	462	2762	624	100	ع
0		2	2710	462	2729	624	100	ل
0		2	2670	462	2709	624	96	م
0		2	2624	462	2670	624	100	 
0		2	2597	462	2624	624	85	ف
0		2	2558	462	2598	624	100	ل
0		2	2531	462	2558	624	84	ي
0		2	2465	462	2532	624	100	س
0		2	2407	462	2466	624	99	 
0		2	2394	462	2406	624	97	ا
0		2	2381	462	2393	624	100	ٕ
0		2	2354	462	2380	624	100	ل
0		2	2327	462	2353	624	83	ا
0		2	2288	462	2328	624	100	 
0		2	2255	462	2287	624	100	م
0		2	2215	462	2255	624	100	ن
0		2	2169	462	2216	624	100	 
0		2	2090	462	2170	624	100	ح
0		2	2024	462	2090	624	100	ك
0		2	1978	462	2025	624	100	م
0		2	1946	462	1978	624	100	 
0		2	1925	462	1945	624	78	ا
0		2	1906	462	1926	624	94	ل
0		2	1893	462	1905	624	100	م
0		2	1860	462	1892	624	100	ح
0		2	1801	462	1860	624	100	ل
0		2	1748	462	1800	624	100	 
0		2	1715	462	1747	624	100	،
0		2	1688	462	1715	624	95	 
0		2	1649	462	1689	624	100	و
0		2	1609	462	1649	624	99	ا
0		2	1590	462	1610	624	100	ل
0		2	1577	462	1589	624	95	م
0		2	1543	462	1576	624	100	ح
0		2	1498	462	1544	624	88	ل
0		2	1445	462	1497	624	100	 
0		2	1398	462	1445	624	100	ع
0		2	1372	462	1399	624	100	ي
0		2	1339	462	1372	624	75	ن
0		2	1300	462	1340	624	100	 
0		2	1287	462	1299	624	100	ا
0		2	1254	462	1286	624	100	ل
0		2	1214	462	1254	624	100	ع
0		2	1188	462	1214	624	100	ي
0		2	1149	462	1188	624	84	ن
0		2	1103	462	1148	624	100	 
0		2	1076	462	1102	624	59	ا
0		2	1049	462	1075	624	100	ل
0		2	984	462	1050	624	78	ث
0		2	904	462	984	624	99	ـ
0		2	858	462	905	624	100	ا
0		2	832	462	859	624	100	ب
0		2	799	462	832	624	80	ت
0		2	759	462	799	624	100	ة
0		2	713	462	760	624	100	 
0		2	687	462	714	624	100	:
0		2	648	462	687	624	100	 
0		2	621	462	648	624	100	ف
0		2	575	462	622	624	100	ي
0		2	542	462	576	624	100	ه
0		2	516	462	543	624	91	ا
0		3	3190	633	3226	810	93	ي
0		3	3155	633	3191	810	100	ت
0		3	3127	633	3155	810	97	ن
0		3	3076	633	3126	810	97	و
0		3	3026	633	3076	810	99	ع
0		3	2990	633	3026	810	99	 
0		3	2969	633	2990	810	100	(
0		3	2926	633	2968	810	100	1
0		3	2897	633	2925	810	100	)
0		3	2875	633	2896	810	100	 
0		3	2840	633	2875	810	100	ا
0		3	2803	633	2839	810	99	ل
0		3	2782	633	2804	810	100	ح
0		3	2731	633	2782	810	100	ق
0		3	2682	633	2732	810	98	 
0		3	2660	633	2681	810	97	ف
0		3	2625	633	2660	810	97	ي
0		3	2588	633	2624	810	100	 
0		3	2560	633	2589	810	100	ا
0		3	2531	633	2560	810	99	ل
0		3	2517	633	2531	810	100	م
0		3	2496	633	2517	810	80	ج
0		3	2459	633	2495	810	100	ل
0		3	2438	633	2460	810	100	ى
0		3	2387	633	2438	810	99	 
0		3	2366	633	2388	810	76	ف
0		3	2323	633	2366	810	94	ت
0		3	2295	633	2323	810	98	ت
0		3	2266	633	2294	810	100	ن
0		3	2209	633	2265	810	99	و
0		3	2158	633	2208	810	100	ع
0		3	2129	633	2159	810	100	 
0		3	2094	633	2130	810	99	(
0		3	2057	633	2093	810	99	1
0		3	2029	633	2058	810	70	)
0		3	2000	633	2029	810	89	 
0		3	1972	633	2001	810	99	ا
0		3	1957	633	1972	810	100	ل
0		3	1943	633	1958	810	79	ا
0		3	1900	633	1943	810	100	ٔ
0		3	1828	633	1900	810	93	ح
0		3	1728	633	1828	810	85	ـ
0		3	1685	633	1728	810	83	ك
0		3	1649	633	1685	810	100	ا
0		3	1613	633	1649	810	77	م
0		3	1563	633	1614	810	97	 
0		3	1520	633	1563	810	100	ع
0		3	1492	633	1520	810	85	ل
0		3	1463	633	1491	810	100	ي
0		3	1420	633	1462	810	99	ه
0		3	1377	633	1419	810	100	 
0		3	1355	633	1376	810	100	،
0		3	1312	633	1355	810	100	 
0		3	1291	633	1312	810	100	ف
0		3	1248	633	1290	810	100	ي
0		3	1219	633	1247	810	100	ق
0		3	1183	633	1218	810	99	ب
0		3	1133	633	1183	810	94	ل
0		3	1053	633	1132	810	100	 
0		3	1025	633	1054	810	65	ك
0		3	982	633	1025	810	100	ل
0		3	924	633	983	810	100	 
0		3	860	633	925	810	98	ح
0		3	789	633	860	810	100	ك
0		3	746	633	788	810	100	م
0		3	695	633	745	810	100	 
0		3	674	633	695	810	57	،
0		3	638	633	673	810	100	 
0		3	594	633	638	810	100	و
0		3	545	633	595	810	100	م
0		3	516	633	544	810	100	ا
0		4	3191	837	3218	1002	100	ي
0		4	3143	837	3191	1002	100	ح
0		4	3109	837	3144	1002	99	ك
0		4	3095	837	3109	1002	100	م
0		4	3055	837	3095	1002	100	 
0		4	3020	837	3054	1002	95	ع
0		4	2992	837	3020	1002	100	ل
0		4	2959	837	2993	1002	100	ي
0		4	2924	837	2958	1002	100	ه
0		4	2890	837	2925	1002	100	 
0		4	2877	837	2890	1002	88	ا
0		4	2849	837	2876	1002	100	ٕ
0		4	2836	837	2849	1002	100	ل
0		4	2801	837	2835	1002	100	ا
0		4	2767	837	2801	1002	98	 
0		4	2726	837	2766	1002	99	ع
0		4	2699	837	2725	1002	98	ي
0		4	2664	837	2698	1002	99	ن
0		4	2623	837	2665	1002	98	 
0		4	2582	837	2624	1002	100	م
0		4	2548	837	2583	1002	100	ا
0		4	2521	837	2548	1002	100	 
0		4	2493	837	2520	1002	96	ت
0		4	2459	837	2493	1002	99	ج
0		4	2425	837	2459	1002	100	ل
0		4	2398	837	2425	1002	65	ى
0		4	2349	837	2397	1002	100	 
0		4	2322	837	2350	1002	99	ف
0		4	2289	837	2323	1002	89	ي
0		4	2254	837	2288	1002	83	ه
0		4	2206	837	2254	1002	99	 
0		4	2185	837	2206	1002	100	،
0		4	2144	837	2186	1002	100	 
0		4	2103	837	2145	1002	99	و
0		4	2062	837	2104	1002	96	م
0		4	2028	837	2063	1002	100	ا
0		4	1993	837	2028	1002	87	 
0		4	1952	837	1994	1002	100	ث
0		4	1905	837	1953	1002	100	م
0		4	1864	837	1904	1002	100	 
0		4	1850	837	1864	1002	100	ا
0		4	1837	837	1850	1002	96	ٕ
0		4	1809	837	1836	1002	99	ل
0		4	1775	837	1809	1002	100	ا
0		4	1741	837	1775	1002	53	 
0		4	1700	837	1740	1002	91	ه
0		4	1659	837	1699	1002	62	ذ
0		4	1624	837	1658	1002	100	ا
0		4	1583	837	1625	1002	100	 
0		4	1556	837	1584	1002	97	:
0		5	3043	1105	3079	1259	100	ف
0		5	3007	1105	3043	1259	100	ا
0		5	2977	1105	3007	1259	100	ل
0		5	2953	1105	2977	1259	100	ح
0		5	2905	1105	2953	1259	100	ق
0		5	2844	1105	2904	1259	100	 
0		5	2802	1105	2844	1259	100	خ
0		5	2760	1105	2802	1259	100	ل
0		5	2712	1105	2760	1259	99	ق
0		5	2658	1105	2712	1259	100	 
0		5	2634	1105	2658	1259	95	ب
0		5	2610	1105	2634	1259	100	ه
0		5	2568	1105	2610	1259	100	ذ
0		5	2526	1105	2568	1259	97	ا
0		5	2484	1105	2526	1259	100	 
0		5	2459	1105	2483	1259	99	ا
0		5	2429	1105	2459	1259	100	ل
0		5	2381	1105	2429	1259	69	و
0		5	2321	1105	2381	1259	100	ج
0		5	2285	1105	2321	1259	100	ه
0		5	2249	1105	2285	1259	100	 
0		5	2213	1105	2249	1259	99	ف
0		5	2171	1105	2213	1259	90	ا
0		5	2135	1105	2171	1259	100	ع
0		5	2105	1105	2135	1259	98	ت
0		5	2081	1105	2105	1259	75	ب
0		5	2038	1105	2080	1259	99	ر
0		5	1990	1105	2038	1259	100	و
0		5	1906	1105	1990	1259	98	ا
0		5	1804	1105	1906	1259	100	 
0		5	1774	1105	1804	1259	100	و
0		5	1732	1105	1774	1259	100	ل
0		5	1702	1105	1732	1259	81	ي
0		5	1629	1105	1702	1259	100	س
0		5	1557	1105	1629	1259	100	 
0		5	1509	1105	1557	1259	100	خ
0		5	1473	1105	1509	1259	100	ل
0		5	1443	1105	1473	1259	99	ق
0		5	1413	1105	1443	1259	99	ا
0		5	1401	1105	1413	1259	100	ً
0		5	1389	1105	1401	1259	100	 
0		5	1353	1105	1389	1259	99	ب
0		5	1317	1105	1353	1259	100	ذ
0		5	1263	1105	1317	1259	100	ا
0		5	1220	1105	1262	1259	91	ك
0		5	1184	1105	1220	1259	100	 
0		5	1160	1105	1184	1259	100	ا
0		5	1130	1105	1160	1259	100	ل
0		5	1088	1105	1130	1259	100	و
0		5	1022	1105	1088	1259	100	ج
0		5	992	1105	1022	1259	78	ه
0		5	962	1105	992	1259	100	 
0		5	926	1105	962	1259	100	ف
0		5	896	1105	926	1259	100	ا
0		5	842	1105	896	1259	96	د
0		5	787	1105	841	1259	96	ك
0		5	745	1105	787	1259	66	ر
0		5	697	1105	745	1259	100	و
0		5	661	1105	697	1259	58	ا
0		6	3042	1322	3087	1489	86	م
0		6	2997	1322	3041	1489	93	ن
0		6	2963	1322	2997	1489	99	 
0		6	2930	1322	2964	1489	99	ي
0		6	2885	1322	2930	1489	100	د
0		6	2835	1322	2884	1489	97	ر
0		6	2795	1322	2834	1489	97	 
0		6	2756	1322	2795	1489	99	م
0		6	2728	1322	2756	1489	96	ا
0		6	2700	1322	2728	1489	98	 
0		6	2672	1322	2700	1489	100	ق
0		6	2621	1322	2672	1489	100	ل
0		6	2571	1322	2621	1489	100	ت
0		6	2531	1322	2570	1489	99	 
0		6	2493	1322	2532	1489	100	ل
0		6	2458	1322	2492	1489	93	م
0		6	2420	1322	2459	1489	100	 
0		6	2391	1322	2419	1489	99	ت
0		6	2352	1322	2392	1489	99	خ
0		6	2319	1322	2352	1489	100	ذ
0		6	2262	1322	2318	1489	100	ل
0		6	2217	1322	2262	1489	99	 
0		6	2179	1322	2218	1489	99	ب
0		6	2128	1322	2178	1489	99	ص
0		6	2088	1322	2128	1489	100	ي
0		6	2055	1322	2089	1489	91	ر
0		6	2016	1322	2055	1489	100	ت
0		6	1920	1322	2016	1489	100	ه
0		6	1819	1322	1921	1489	100	 
0		6	1786	1322	1820	1489	79	و
0		6	1747	1322	1785	1489	93	ل
0		6	1713	1322	1746	1489	100	ي
0		6	1634	1322	1713	1489	100	س
0		6	1550	1322	1635	1489	100	 
0		6	1516	1322	1550	1489	100	ي
0		6	1472	1322	1517	1489	100	د
0		6	1421	1322	1471	1489	100	ر
0		6	1387	1322	1421	1489	100	ي
0		6	1331	1322	1388	1489	100	ه
0		6	1275	1322	1332	1489	100	 
0		6	1264	1322	1276	1489	100	ا
0		6	1241	1322	1265	1489	100	ٕ
0		6	1225	1322	1242	1489	100	ل
0		6	1169	1322	1225	1489	100	ا
0		6	1096	1322	1169	1489	100	 
0		6	1057	1322	1096	1489	100	م
0		6	1006	1322	1056	1489	100	ن
0		6	950	1322	1006	1489	100	 
0		6	928	1322	951	1489	65	ل
0		6	871	1322	928	1489	98	ه
0		6	810	1322	872	1489	100	 
0		6	777	1322	810	1489	100	ب
0		6	726	1322	776	1489	100	ص
0		6	653	1322	726	1489	100	ر
0		7	3032	1534	3072	1704	99	ج
0		7	2983	1534	3031	1704	100	م
0		7	2942	1534	2984	1704	98	ع
0		7	2901	1534	2943	1704	97	 
0		7	2860	1534	2902	1704	100	و
0		7	2819	1534	2861	1704	99	ف
0		7	2751	1534	2819	1704	100	ر
0		7	2682	1534	2751	1704	100	ق
0		7	2627	1534	2683	1704	100	 
0		7	2607	1534	2628	1704	80	ف
0		7	2580	1534	2607	1704	99	ا
0		7	2539	1534	2579	1704	99	ٕ
0		7	2449	1534	2538	1704	100	ن
0		7	2388	1534	2450	1704	100	 
0		7	2361	1534	2388	1704	100	ا
0		7	2334	1534	2360	1704	91	ل
0		7	2299	1534	2333	1704	100	ع
0		7	2265	1534	2299	1704	100	ي
0		7	2238	1534	2265	1704	99	ن
0		7	2189	1534	2237	1704	97	 
0		7	2156	1534	2190	1704	100	و
0		7	2107	1534	2155	1704	100	ا
0		7	2052	1534	2108	1704	99	ح
0		7	2005	1534	2053	1704	99	د
0		7	1916	1534	2004	1704	52	ة
0		7	1806	1534	1915	1704	100	 
0		7	1765	1534	1806	1704	100	و
0		7	1710	1534	1765	1704	90	ه
0		7	1655	1534	1711	1704	95	ي
0		7	1594	1534	1656	1704	100	 
0		7	1580	1534	1594	1704	99	ا
0		7	1518	1534	1580	1704	100	ل
0		7	1463	1534	1519	1704	81	ك
0		7	1430	1534	1464	1704	93	ث
0		7	1402	1534	1429	1704	99	ي
0		7	1362	1534	1402	1704	100	ر
0		7	1320	1534	1361	1704	100	ة
0		7	1265	1534	1320	1704	100	 
0		7	1238	1534	1265	1704	100	ل
0		7	1203	1534	1238	1704	100	ا
0		7	1176	1534	1204	1704	100	 
0		7	1149	1534	1177	1704	100	ت
0		7	1115	1534	1149	1704	100	ب
0		7	1074	1534	1114	1704	100	ق
0		7	1019	1534	1073	1704	100	ى
0		7	951	1534	1019	1704	100	 
0		7	916	1534	950	1704	100	و
0		7	882	1534	916	1704	100	ل
0		7	841	1534	882	1704	100	ا
0		7	793	1534	840	1704	100	 
0		7	759	1534	793	1704	100	ت
0		7	718	1534	758	1704	64	ذ
0		7	656	1534	717	1704	100	ر
0		8	3046	1807	3079	1976	95	ف
0		8	3014	1807	3046	1976	100	ا
0		8	2987	1807	3013	1976	98	ل
0		8	2955	1807	2988	1976	100	ع
0		8	2923	1807	2955	1976	91	ل
0		8	2896	1807	2922	1976	77	ي
0		8	2858	1807	2897	1976	100	 
0		8	2825	1807	2857	1976	100	ل
0		8	2799	1807	2825	1976	100	ن
0		8	2766	1807	2799	1976	100	ف
0		8	2708	1807	2767	1976	94	س
0		8	2663	1807	2708	1976	100	ه
0		8	2617	1807	2662	1976	100	 
0		8	2584	1807	2617	1976	94	ه
0		8	2533	1807	2585	1976	98	و
0		8	2481	1807	2532	1976	100	 
0		8	2455	1807	2480	1976	100	ا
0		8	2428	1807	2454	1976	99	ل
0		8	2383	1807	2429	1976	100	ذ
0		8	2312	1807	2383	1976	100	ي
0		8	2253	1807	2311	1976	100	 
0		8	2201	1807	2253	1976	98	ي
0		8	2136	1807	2201	1976	82	ك
0		8	2097	1807	2136	1976	93	و
0		8	2045	1807	2097	1976	99	ن
0		8	2013	1807	2045	1976	100	 
0		8	1980	1807	2012	1976	99	ل
0		8	1954	1807	1980	1976	71	ه
0		8	1922	1807	1954	1976	78	 
0		8	1909	1807	1921	1976	100	ا
0		8	1850	1807	1908	1976	96	ل
0		8	1798	1807	1850	1976	83	ك
0		8	1779	1807	1798	1976	96	م
0		8	1753	1807	1778	1976	100	ا
0		8	1714	1807	1752	1976	100	ل
0		8	1662	1807	1713	1976	100	 
0		8	1649	1807	1661	1976	100	ا
0		8	1616	1807	1648	1976	100	ل
0		8	1571	1807	1616	1976	100	ذ
0		8	1512	1807	1570	1976	86	ي
0		8	1447	1807	1512	1976	100	 
0		8	1421	1807	1447	1976	100	ي
0		8	1369	1807	1421	1976	100	س
0		8	1323	1807	1369	1976	100	ت
0		8	1284	1807	1324	1976	100	غ
0		8	1245	1807	1285	1976	100	ر
0		8	1187	1807	1246	1976	100	ق
0		8	1142	1807	1187	1976	100	 
0		8	1102	1807	1141	1976	98	ب
0		8	1063	1807	1103	1976	73	ه
0		8	1005	1807	1064	1976	100	 
0		8	973	1807	1005	1976	100	ج
0		8	940	1807	972	1976	100	م
0		8	862	1807	940	1976	100	ي
0		8	777	1807	862	1976	100	ع
0		8	739	1807	778	1976	100	 
0		8	726	1807	738	1976	100	ا
0		8	700	1807	725	1976	100	ل
0		8	674	1807	699	1976	99	ا
0		8	654	1807	673	1976	98	ٔ
0		8	621	1807	654	1976	56	م
0		8	569	1807	622	1976	100	و
0		8	466	1807	570	1976	57	ر
0		8	342	1807	465	1976	100	 
0		8	303	1807	342	1976	100	9
0		9	3208	1985	3231	2132	100	ا
0		9	3184	1985	3208	2132	99	ل
0		9	3137	1985	3184	2132	99	و
0		9	3079	1985	3138	2132	99	ج
0		9	3038	1985	3079	2132	60	و
0		9	2997	1985	3038	2132	100	د
0		9	2962	1985	2997	2132	99	ي
0		9	2944	1985	2962	2132	100	ة
0		9	2903	1985	2945	2132	100	 
0		9	2874	1985	2903	2132	99	و
0		9	2845	1985	2874	2132	100	ا
0		9	2821	1985	2845	2132	100	ل
0		9	2786	1985	2822	2132	100	ن
0		9	2716	1985	2787	2132	94	س
0		9	2651	1985	2716	2132	99	ب
0		9	2610	1985	2652	2132	99	 
0		9	2599	1985	2611	2132	100	ا
0		9	2563	1985	2599	2132	99	ل
0		9	2528	1985	2564	2132	99	غ
0		9	2482	1985	2529	2132	100	د
0		9	2435	1985	2482	2132	100	م
0		9	2399	1985	2435	2132	100	ي
0		9	2359	1985	2400	2132	100	ة
0		9	2323	1985	2359	2132	99	 
0		9	2300	1985	2324	2132	100	ي
0		9	2265	1985	2301	2132	99	ح
0		9	2224	1985	2266	2132	67	ي
0		9	2154	1985	2225	2132	100	ث
0		9	2095	1985	2154	2132	96	 
0		9	2072	1985	2096	2132	99	ل
0		9	2042	1985	2072	2132	99	ا
0		9	2007	1985	2043	2132	100	 
0		9	1990	1985	2008	2132	89	ي
0		9	1937	1985	1990	2132	100	م
0		9	1884	1985	1938	2132	100	ك
0		9	1837	1985	1885	2132	100	ن
0		9	1803	1985	1838	2132	100	 
0		9	1779	1985	1803	2132	100	ا
0		9	1761	1985	1779	2132	100	ٔ
0		9	1720	1985	1762	2132	100	ن
0		9	1680	1985	1721	2132	100	 
0		9	1650	1985	1680	2132	100	ي
0		9	1615	1985	1651	2132	100	ف
0		9	1574	1985	1616	2132	100	و
0		9	1533	1985	1575	2132	98	ت
0		9	1504	1985	1534	2132	100	ه
0		9	1469	1985	1504	2132	100	 
0		9	1434	1985	1469	2132	99	ن
0		9	1381	1985	1434	2132	100	ع
0		9	1328	1985	1382	2132	100	ت
0		9	1275	1985	1329	2132	100	 
0		9	1240	1985	1276	2132	94	م
0		9	1205	1985	1241	2132	100	ن
0		9	1176	1985	1206	2132	100	ه
0		9	1135	1985	1177	2132	100	ا
0		9	1106	1985	1136	2132	95	،
0		9	1065	1985	1106	2132	100	 
0		9	1024	1985	1065	2132	100	و
0		9	965	1985	1025	2132	100	س
0		9	924	1985	966	2132	100	و
0		9	883	1985	925	2132	97	ا
0		9	854	1985	884	2132	100	ء
0		9	813	1985	855	2132	100	 
0		9	784	1985	814	2132	100	ك
0		9	755	1985	784	2132	100	ا
0		9	714	1985	755	2132	100	ن
0		9	661	1985	714	2132	67	ت
0		9	614	1985	662	2132	100	 
0		9	585	1985	615	2132	98	(
0		9	544	1985	586	2132	100	2
0		9	509	1985	544	2132	100	)
0		10	3200	2141	3224	2284	37	م
0		10	3174	2141	3199	2284	69	ح
0		10	3143	2141	3174	2284	98	م
0		10	3105	2141	3143	2284	58	و
0		10	3062	2141	3105	2284	99	د
0		10	3018	2141	3061	2284	99	ة
0		10	2981	2141	3018	2284	100	 
0		10	2899	2141	2980	2284	99	(
0		10	2855	2141	2899	2284	100	2
0		10	2843	2141	2855	2284	74	3
0		10	2781	2141	2843	2284	100	 
0		10	2731	2141	2780	2284	100	-
0		10	2675	2141	2731	2284	100	 
0		10	2599	2141	2674	2284	100	ب
0		10	2543	2141	2600	2284	92	)
0		10	2499	2141	2543	2284	99	 
0		10	2456	2141	2499	2284	97	ع
0		10	2412	2141	2455	2284	100	ر
0		10	2368	2141	2411	2284	98	ف
0		10	2350	2141	2368	2284	99	ا
0		10	2331	2141	2349	2284	86	ً
0		10	2281	2141	2330	2284	100	 
0		10	2237	2141	2280	2284	54	و
0		10	2181	2141	2237	2284	99	ع
0		10	2149	2141	2180	2284	93	ق
0		10	2124	2141	2149	2284	87	ل
0		10	2112	2141	2124	2284	86	ا
0		10	2093	2141	2112	2284	61	ً
0		10	2056	2141	2093	2284	99	 
0		10	2018	2141	2055	2284	90	و
0		10	1961	2141	2018	2284	93	ش
0		10	1899	2141	1962	2284	100	ر
0		10	1849	2141	1899	2284	97	ع
0		10	1824	2141	1849	2284	100	ا
0		10	1812	2141	1824	2284	100	ً
0		10	1787	2141	1812	2284	100	 
0		10	1774	2141	1786	2284	100	ا
0		10	1756	2141	1774	2284	100	ٔ
0		10	1712	2141	1755	2284	100	و
0		10	1681	2141	1711	2284	100	 
0		10	1649	2141	1680	2284	100	(
0		10	1606	2141	1649	2284	98	3
0		10	1581	2141	1605	2284	99	)
0		10	1549	2141	1580	2284	100	 
0		10	1506	2141	1549	2284	100	م
0		10	1455	2141	1505	2284	97	ذ
0		10	1412	2141	1455	2284	100	م
0		10	1368	2141	1411	2284	99	و
0		10	1312	2141	1368	2284	100	م
0		10	1268	2141	1311	2284	66	ة
0		10	1212	2141	1268	2284	100	 
0		10	1168	2141	1211	2284	100	ع
0		10	1125	2141	1168	2284	100	ر
0		10	1093	2141	1124	2284	66	ف
0		10	1062	2141	1093	2284	100	ا
0		10	1050	2141	1062	2284	99	ً
0		10	1018	2141	1049	2284	100	 
0		10	974	2141	1018	2284	100	و
0		10	925	2141	975	2284	100	ع
0		10	887	2141	924	2284	100	ق
0		10	862	2141	887	2284	100	ل
0		10	831	2141	862	2284	100	ا
0		10	781	2141	831	2284	100	و
0		10	731	2141	781	2284	73	ش
0		10	661	2141	731	2284	96	ر
0		10	618	2141	662	2284	100	ع
0		10	581	2141	618	2284	100	ا
0		10	543	2141	580	2284	99	 
0		10	518	2141	543	2284	99	.
0		11	3188	2293	3224	2449	99	و
0		11	3153	2293	3189	2449	98	ل
0		11	3117	2293	3153	2449	99	ي
0		11	3045	2293	3117	2449	99	س
0		11	2963	2293	3046	2449	100	 
0		11	2939	2293	2963	2449	100	ذ
0		11	2885	2293	2939	2449	96	ل
0		11	2826	2293	2886	2449	100	ك
0		11	2784	2293	2826	2449	99	 
0		11	2767	2293	2785	2449	100	ا
0		11	2755	2293	2767	2449	92	ٕ
0		11	2731	2293	2755	2449	94	ل
0		11	2707	2293	2731	2449	90	ا
0		11	2677	2293	2707	2449	87	 
0		11	2660	2293	2678	2449	100	ل
0		11	2630	2293	2660	2449	98	م
0		11	2588	2293	2630	2449	100	س
0		11	2535	2293	2589	2449	100	م
0		11	2475	2293	2535	2449	100	ى
0		11	2410	2293	2476	2449	100	 
0		11	2392	2293	2410	2449	100	ا
0		11	2368	2293	2392	2449	100	ل
0		11	2345	2293	2369	2449	96	ل
0		11	2321	2293	2345	2449	53	ه
0		11	2285	2293	2321	2449	99	 
0		11	2256	2293	2286	2449	100	ت
0		11	2226	2293	2256	2449	87	ع
0		11	2196	2293	2226	2449	100	ا
0		11	2172	2293	2196	2449	96	ل
0		11	2131	2293	2173	2449	99	ى
0		11	2059	2293	2131	2449	100	 
0		11	2012	2293	2060	2449	98	خ
0		11	1970	2293	2012	2449	72	ا
0		11	1911	2293	1971	2449	100	ص
0		11	1863	2293	1911	2449	100	ة
0		11	1822	2293	1864	2449	100	 
0		11	1798	2293	1822	2449	100	.
0		11	1762	2293	1798	2449	100	 
0		11	1721	2293	1763	2449	100	و
0		11	1697	2293	1721	2449	96	ا
0		11	1667	2293	1697	2449	50	ٔ
0		11	1638	2293	1668	2449	100	م
0		11	1608	2293	1638	2449	94	ا
0		11	1566	2293	1608	2449	100	 
0		11	1531	2293	1567	2449	100	غ
0		11	1501	2293	1531	2449	99	ي
0		11	1459	2293	1501	2449	93	ر
0		11	1394	2293	1460	2449	100	 
0		11	1352	2293	1394	2449	99	م
0		11	1299	2293	1353	2449	100	س
0		11	1251	2293	1299	2449	100	م
0		11	1192	2293	1252	2449	100	ى
0		11	1127	2293	1193	2449	99	 
0		11	1109	2293	1127	2449	100	ا
0		11	1085	2293	1109	2449	99	ل
0		11	1055	2293	1085	2449	100	ل
0		11	1038	2293	1056	2449	98	ه
0		11	1008	2293	1038	2449	100	 
0		11	954	2293	1008	2449	100	م
0		11	931	2293	955	2449	100	ا
0		11	889	2293	931	2449	100	 
0		11	853	2293	889	2449	100	ه
0		11	818	2293	854	2449	99	و
0		11	764	2293	818	2449	99	 
0		11	747	2293	765	2449	100	م
0		11	651	2293	747	2449	100	ج
0		11	556	2293	652	2449	99	ل
0		11	503	2293	557	2449	100	ى
0		12	3206	2458	3237	2618	100	ل
0		12	3175	2458	3206	2618	99	ه
0		12	3151	2458	3175	2618	99	 
0		12	3126	2458	3150	2618	100	ا
0		12	3107	2458	3125	2618	98	ٔ
0		12	3077	2458	3107	2618	100	و
0		12	3027	2458	3076	2618	100	 
0		12	2984	2458	3026	2618	97	ص
0		12	2929	2458	2983	2618	100	و
0		12	2879	2458	2928	2618	100	ر
0		12	2836	2458	2878	2618	100	ة
0		12	2799	2458	2835	2618	100	 
0		12	2774	2458	2798	2618	99	ف
0		12	2743	2458	2773	2618	100	ي
0		12	2687	2458	2742	2618	100	ه
0		12	2638	2458	2687	2618	100	 
0		12	2613	2458	2637	2618	88	،
0		12	2576	2458	2613	2618	100	 
0		12	2545	2458	2576	2618	100	ف
0		12	2521	2458	2545	2618	100	ا
0		12	2502	2458	2520	2618	100	ٕ
0		12	2459	2458	2502	2618	100	ن
0		12	2410	2458	2458	2618	100	 
0		12	2372	2458	2409	2618	99	ك
0		12	2354	2458	2372	2618	95	ا
0		12	2305	2458	2353	2618	100	ن
0		12	2243	2458	2304	2618	100	 
0		12	2224	2458	2242	2618	99	م
0		12	2193	2458	2224	2618	87	ج
0		12	2162	2458	2193	2618	100	ل
0		12	2132	2458	2162	2618	99	ى
0		12	2088	2458	2131	2618	99	 
0		12	2064	2458	2088	2618	99	ل
0		12	2033	2458	2063	2618	100	ه
0		12	1996	2458	2032	2618	99	 
0		12	1971	2458	1995	2618	92	ف
0		12	1940	2458	1970	2618	97	ي
0		12	1897	2458	1939	2618	99	ق
0		12	1848	2458	1896	2618	100	ع
0		12	1829	2458	1847	2618	98	 
0		12	1804	2458	1829	2618	99	ا
0		12	1780	2458	1804	2618	75	ل
0		12	1749	2458	1779	2618	94	ت
0		12	1712	2458	1748	2618	100	ف
0		12	1675	2458	1711	2618	100	ا
0		12	1625	2458	1674	2618	100	ض
0		12	1564	2458	1625	2618	100	ل
0		12	1514	2458	1563	2618	100	 
0		12	1465	2458	1513	2618	96	-
0		12	1421	2458	1464	2618	100	 
0		12	1397	2458	1421	2618	100	ل
0		12	1366	2458	1396	2618	100	ا
0		12	1329	2458	1365	2618	100	 
0		12	1298	2458	1328	2618	100	ب
0		12	1261	2458	1297	2618	100	د
0		12	1218	2458	1260	2618	100	 
0		12	1175	2458	1217	2618	100	م
0		12	1125	2458	1174	2618	89	ن
0		12	1082	2458	1124	2618	100	 
0		12	1051	2458	1081	2618	100	ذ
0		12	1001	2458	1050	2618	100	ل
0		12	940	2458	1001	2618	100	ك
0		12	897	2458	939	2618	100	 
0		12	847	2458	896	2618	100	-
0		12	804	2458	847	2618	100	 
0		12	779	2458	803	2618	77	ب
0		12	742	2458	778	2618	100	ي
0		12	705	2458	742	2618	100	ن
0		12	637	2458	705	2618	100	 
0		12	613	2458	637	2618	100	م
0		12	582	2458	612	2618	100	ج
0		12	557	2458	581	2618	97	ل
0		12	501	2458	556	2618	59	ى
0		13	3190	2627	3230	2782	62	و
0		13	3156	2627	3189	2782	99	م
0		13	3122	2627	3156	2782	99	ج
0		13	3089	2627	3123	2782	97	ل
0		13	3056	2627	3089	2782	100	ى
0		13	3009	2627	3055	2782	100	 
0		13	2996	2627	3009	2782	100	،
0		13	2975	2627	2995	2782	100	؛
0		13	2948	2627	2976	2782	99	 
0		13	2902	2627	2949	2782	100	و
0		13	2875	2627	2902	2782	100	ا
0		13	2855	2627	2875	2782	94	ٕ
0		13	2808	2627	2855	2782	98	ن
0		13	2741	2627	2808	2782	100	 
0		13	2715	2627	2741	2782	97	ك
0		13	2681	2627	2714	2782	100	ا
0		13	2641	2627	2682	2782	99	ن
0		13	2594	2627	2641	2782	100	 
0		13	2548	2627	2594	2782	100	ص
0		13	2494	2627	2547	2782	100	و
0		13	2441	2627	2494	2782	100	ر
0		13	2394	2627	2440	2782	77	ة
0		13	2333	2627	2394	2782	100	 
0		13	2306	2627	2334	2782	99	ف
0		13	2273	2627	2307	2782	98	ي
0		13	2239	2627	2273	2782	99	ه
0		13	2199	2627	2240	2782	98	 
0		13	2166	2627	2200	2782	99	ف
0		13	2132	2627	2166	2782	98	ت
0		13	2099	2627	2133	2782	99	ل
0		13	2046	2627	2099	2782	100	ك
0		13	2006	2627	2046	2782	98	 
0		13	1979	2627	2005	2782	100	(
0		13	1939	2627	1979	2782	99	4
0		13	1912	2627	1939	2782	79	)
0		13	1886	2627	1912	2782	86	 
0		13	1872	2627	1885	2782	100	ا
0		13	1832	2627	1872	2782	99	ل
0		13	1785	2627	1832	2782	82	ص
0		13	1725	2627	1785	2782	100	و
0		13	1678	2627	1725	2782	100	ر
0		13	1631	2627	1678	2782	100	ة
0		13	1564	2627	1631	2782	100	 
0		13	1531	2627	1564	2782	100	ع
0		13	1498	2627	1531	2782	100	ي
0		13	1464	2627	1497	2782	100	ن
0		13	1431	2627	1464	2782	100	 
0		13	1418	2627	1430	2782	100	ا
0		13	1357	2627	1417	2782	100	ل
0		13	1303	2627	1357	2782	100	ك
0		13	1284	2627	1304	2782	100	م
0		13	1257	2627	1283	2782	100	ا
0		13	1216	2627	1256	2782	82	ل
0		13	1169	2627	1217	2782	100	 
0		13	1136	2627	1170	2782	100	(
0		13	1103	2627	1136	2782	100	5
0		13	1070	2627	1103	2782	100	)
0		13	1043	2627	1069	2782	99	 
0		13	1016	2627	1042	2782	100	ا
0		13	996	2627	1016	2782	100	ل
0		13	963	2627	996	2782	87	ذ
0		13	915	2627	962	2782	100	ا
0		13	896	2627	916	2782	59	ت
0		13	856	2627	895	2782	100	ي
0		13	802	2627	855	2782	100	 
0		13	776	2627	802	2782	93	ل
0		13	762	2627	775	2782	100	ا
0		13	728	2627	762	2782	100	ٔ
0		13	709	2627	729	2782	97	ن
0		13	688	2627	708	2782	100	ه
0		13	655	2627	689	2782	100	ا
0		13	628	2627	655	2782	99	 
0		13	581	2627	628	2782	100	ع
0		13	548	2627	582	2782	100	ي
0		13	501	2627	548	2782	100	ن
0		14	3189	2791	3225	2938	97	م
0		14	3159	2791	3189	2938	99	ا
0		14	3111	2791	3159	2938	99	 
0		14	3063	2791	3111	2938	99	ظ
0		14	3027	2791	3063	2938	98	ه
0		14	2973	2791	3027	2938	100	ر
0		14	2907	2791	2973	2938	100	ت
0		14	2847	2791	2907	2938	99	 
0		14	2817	2791	2847	2938	100	ف
0		14	2781	2791	2817	2938	100	ي
0		14	2745	2791	2781	2938	91	ه
0		14	2703	2791	2745	2938	100	 
0		14	2673	2791	2703	2938	100	.
0		14	2631	2791	2673	2938	100	 
0		14	2607	2791	2631	2938	94	ف
0		14	2577	2791	2607	2938	100	ا
0		14	2559	2791	2577	2938	100	ل
0		14	2505	2791	2559	2938	99	ذ
0		14	2451	2791	2505	2938	60	ي
0		14	2403	2791	2451	2938	100	 
0		14	2385	2791	2403	2938	98	ل
0		14	2367	2791	2385	2938	98	م
0		14	2319	2791	2367	2938	99	س
0		14	2265	2791	2319	2938	99	م
0		14	2211	2791	2265	2938	95	ى
0		14	2145	2791	2211	2938	99	 
0		14	2127	2791	2145	2938	97	ا
0		14	2103	2791	2127	2938	99	ل
0		14	2073	2791	2103	2938	99	ل
0		14	2055	2791	2073	2938	99	ه
0		14	2013	2791	2055	2938	97	 
0		14	1977	2791	2013	2938	98	ه
0		14	1935	2791	1977	2938	100	و
0		14	1905	2791	1935	2938	100	 
0		14	1875	2791	1905	2938	100	ا
0		14	1851	2791	1875	2938	100	ل
0		14	1803	2791	1851	2938	100	ذ
0		14	1731	2791	1803	2938	100	ي
0		14	1689	2791	1731	2938	100	 
0		14	1659	2791	1689	2938	95	ل
0		14	1629	2791	1659	2938	94	ت
0		14	1593	2791	1629	2938	100	ل
0		14	1545	2791	1593	2938	100	ك
0		14	1509	2791	1545	2938	97	 
0		14	1485	2791	1509	2938	100	ا
0		14	1455	2791	1485	2938	100	ل
0		14	1401	2791	1455	2938	100	ص
0		14	1347	2791	1401	2938	98	و
0		14	1299	2791	1347	2938	100	ر
0		14	1257	2791	1299	2938	69	ة
0		14	1215	2791	1257	2938	100	 
0		14	1185	2791	1215	2938	100	.
0		14	1155	2791	1185	2938	100	 
0		14	1113	2791	1155	2938	100	و
0		14	1083	2791	1113	2938	100	ل
0		14	1053	2791	1083	2938	100	ا
0		14	1017	2791	1053	2938	98	 
0		14	987	2791	1017	2938	100	ي
0		14	945	2791	987	2938	100	ق
0		14	903	2791	945	2938	100	ـ
0		14	867	2791	903	2938	89	ا
0		14	813	2791	867	2938	58	ل
0		14	741	2791	813	2938	100	 
0		14	699	2791	741	2938	100	ه
0		14	651	2791	699	2938	100	ي
0		14	597	2791	651	2938	100	 
0		14	561	2791	597	2938	100	ه
0		14	471	2791	561	2938	100	و
0		14	357	2791	471	2938	100	 
0		14	339	2791	357	2938	100	1
0		14	303	2791	339	2938	99	0
0		15	3191	2947	3230	3097	100	و
0		15	3159	2947	3191	3097	100	ل
0		15	3132	2947	3158	3097	91	ا
0		15	3087	2947	3133	3097	99	 
0		15	3048	2947	3087	3097	85	ه
0		15	2989	2947	3048	3097	99	ي
0		15	2937	2947	2990	3097	100	 
0		15	2905	2947	2938	3097	98	غ
0		15	2873	2947	2905	3097	100	ي
0		15	2840	2947	2872	3097	100	ر
0		15	2794	2947	2840	3097	97	ه
0		15	2755	2947	2794	3097	100	 
0		15	2728	2947	2754	3097	100	.
0		15	2696	2947	2729	3097	94	 
0		15	2650	2947	2696	3097	100	و
0		15	2611	2947	2651	3097	99	ق
0		15	2566	2947	2612	3097	100	د
0		15	2534	2947	2566	3097	100	 
0		15	2508	2947	2533	3097	100	ا
0		15	2488	2947	2507	3097	100	ٔ
0		15	2442	2947	2488	3097	100	ش
0		15	2410	2947	2443	3097	99	ا
0		15	2358	2947	2410	3097	100	ر
0		15	2313	2947	2358	3097	100	 
0		15	2287	2947	2312	3097	100	ا
0		15	2274	2947	2286	3097	100	ٔ
0		15	2248	2947	2273	3097	100	ب
0		15	2228	2947	2247	3097	98	و
0		15	2196	2947	2228	3097	100	 
0		15	2170	2947	2195	3097	99	ا
0		15	2150	2947	2169	3097	100	ل
0		15	2111	2947	2150	3097	98	ق
0		15	2085	2947	2111	3097	65	ا
0		15	2033	2947	2085	3097	100	س
0		15	1981	2947	2033	3097	99	م
0		15	1942	2947	1981	3097	99	 
0		15	1923	2947	1942	3097	99	ب
0		15	1889	2947	1922	3097	99	ن
0		15	1843	2947	1890	3097	100	 
0		15	1811	2947	1844	3097	77	ق
0		15	1753	2947	1811	3097	98	س
0		15	1687	2947	1752	3097	100	ي
0		15	1642	2947	1688	3097	100	 
0		15	1623	2947	1642	3097	62	ف
0		15	1577	2947	1622	3097	100	ي
0		15	1506	2947	1577	3097	91	 
0		15	1453	2947	1505	3097	100	خ
0		15	1395	2947	1454	3097	99	ل
0		15	1324	2947	1395	3097	95	ع
0		15	1278	2947	1323	3097	99	ه
0		15	1246	2947	1278	3097	100	 
0		15	1233	2947	1245	3097	100	ا
0		15	1207	2947	1232	3097	100	ٕ
0		15	1194	2947	1206	3097	79	ل
0		15	1155	2947	1193	3097	100	ى
0		15	1083	2947	1154	3097	100	 
0		15	1044	2947	1083	3097	100	ه
0		15	992	2947	1044	3097	98	ـ
0		15	946	2947	992	3097	100	ذ
0		15	907	2947	946	3097	100	ا
0		15	874	2947	906	3097	100	 
0		15	848	2947	874	3097	100	ب
0		15	815	2947	848	3097	100	ق
0		15	776	2947	816	3097	100	و
0		15	744	2947	777	3097	100	ل
0		15	705	2947	744	3097	99	ه
0		15	666	2947	705	3097	100	 
0		15	640	2947	666	3097	100	:
0		15	608	2947	640	3097	98	 
0		15	582	2947	607	3097	100	ا
0		15	562	2947	581	3097	100	ٕ
0		15	510	2947	562	3097	99	ن
0		16	3197	3106	3223	3270	54	ك
0		16	3163	3106	3196	3270	87	ل
0		16	3116	3106	3163	3270	100	 
0		16	3089	3106	3116	3270	96	ا
0		16	3043	3106	3089	3270	100	س
0		16	3002	3106	3042	3270	100	م
0		16	2969	3106	3003	3270	100	 
0		16	2943	3106	2969	3270	95	ا
0		16	2929	3106	2942	3270	97	ٕ
0		16	2902	3106	2929	3270	100	ل
0		16	2875	3106	2902	3270	99	م
0		16	2835	3106	2875	3270	89	ي
0		16	2788	3106	2835	3270	100	 
0		16	2755	3106	2789	3270	96	ي
0		16	2721	3106	2755	3270	89	ت
0		16	2668	3106	2722	3270	100	س
0		16	2615	3106	2668	3270	87	م
0		16	2568	3106	2614	3270	100	ى
0		16	2508	3106	2568	3270	83	 
0		16	2448	3106	2508	3270	100	ج
0		16	2414	3106	2448	3270	100	م
0		16	2367	3106	2415	3270	100	ي
0		16	2308	3106	2368	3270	100	ع
0		16	2261	3106	2307	3270	100	 
0		16	2234	3106	2260	3270	100	ا
0		16	2207	3106	2233	3270	97	ل
0		16	2194	3106	2207	3270	78	ا
0		16	2160	3106	2193	3270	96	ٔ
0		16	2120	3106	2161	3270	78	س
0		16	2087	3106	2120	3270	99	م
0		16	2066	3106	2086	3270	99	ا
0		16	2040	3106	2067	3270	100	ء
0		16	2007	3106	2040	3270	99	 
0		16	1980	3106	2006	3270	99	ا
0		16	1953	3106	1979	3270	93	ل
0		16	1940	3106	1953	3270	79	ا
0		16	1919	3106	1939	3270	96	ٕ
0		16	1900	3106	1920	3270	86	ل
0		16	1866	3106	1899	3270	99	ه
0		16	1833	3106	1867	3270	81	ي
0		16	1793	3106	1833	3270	98	ة
0		16	1732	3106	1793	3270	98	 
0		16	1699	3106	1733	3270	100	و
0		16	1652	3106	1699	3270	100	ي
0		16	1619	3106	1653	3270	100	ن
0		16	1565	3106	1619	3270	95	ع
0		16	1512	3106	1566	3270	59	ت
0		16	1465	3106	1512	3270	100	 
0		16	1438	3106	1465	3270	63	ب
0		16	1411	3106	1439	3270	100	ه
0		16	1385	3106	1412	3270	100	ا
0		16	1338	3106	1385	3270	100	 
0		16	1318	3106	1338	3270	100	.
0		16	1278	3106	1318	3270	100	 
0		16	1238	3106	1278	3270	100	و
0		16	1197	3106	1238	3270	95	ذ
0		16	1145	3106	1198	3270	100	ل
0		16	1084	3106	1144	3270	100	ك
0		16	1044	3106	1084	3270	100	 
0		16	1017	3106	1044	3270	100	(
0		16	977	3106	1017	3270	100	6
0		16	943	3106	977	3270	90	)
0		16	917	3106	944	3270	98	 
0		16	897	3106	917	3270	98	ا
0		16	870	3106	897	3270	100	ٔ
0		16	830	3106	870	3270	100	ن
0		16	763	3106	830	3270	100	 
0		16	730	3106	763	3270	62	ك
0		16	697	3106	730	3270	95	ل
0		16	657	3106	696	3270	100	 
0		16	623	3106	656	3270	100	ا
0		16	570	3106	623	3270	100	س
0		16	516	3106	569	3270	100	م
0		17	3201	3279	3231	3417	100	ي
0		17	3165	3279	3201	3417	55	د
0		17	3117	3279	3165	3417	61	ل
0		17	3057	3279	3117	3417	94	 
0		17	3032	3279	3056	3417	100	ع
0		17	3008	3279	3032	3417	100	ل
0		17	2978	3279	3008	3417	99	ى
0		17	2936	3279	2978	3417	99	 
0		17	2918	3279	2936	3417	100	ا
0		17	2894	3279	2918	3417	99	ل
0		17	2852	3279	2894	3417	100	ذ
0		17	2804	3279	2852	3417	73	ا
0		17	2750	3279	2804	3417	100	ت
0		17	2702	3279	2750	3417	100	 
0		17	2654	3279	2702	3417	100	و
0		17	2611	3279	2653	3417	100	ع
0		17	2599	3279	2611	3417	98	ل
0		17	2563	3279	2599	3417	95	ى
0		17	2527	3279	2563	3417	100	 
0		17	2497	3279	2527	3417	99	ا
0		17	2479	3279	2497	3417	100	ل
0		17	2455	3279	2479	3417	100	م
0		17	2425	3279	2455	3417	100	ع
0		17	2401	3279	2425	3417	100	ن
0		17	2365	3279	2401	3417	100	ى
0		17	2323	3279	2365	3417	100	 
0		17	2305	3279	2323	3417	65	ا
0		17	2275	3279	2305	3417	99	ل
0		17	2226	3279	2274	3417	91	ذ
0		17	2172	3279	2226	3417	98	ي
0		17	2118	3279	2172	3417	99	 
0		17	2076	3279	2118	3417	64	س
0		17	2034	3279	2076	3417	87	ي
0		17	1986	3279	2034	3417	100	ق
0		17	1938	3279	1986	3417	100	 
0		17	1908	3279	1938	3417	100	ل
0		17	1872	3279	1908	3417	62	ه
0		17	1817	3279	1871	3417	100	 
0		17	1781	3279	1817	3417	100	و
0		17	1733	3279	1781	3417	100	ي
0		17	1685	3279	1733	3417	99	ط
0		17	1649	3279	1685	3417	100	ل
0		17	1613	3279	1649	3417	100	ب
0		17	1577	3279	1613	3417	100	ه
0		17	1535	3279	1577	3417	100	 
0		17	1505	3279	1535	3417	100	.
0		17	1474	3279	1504	3417	94	 
0		17	1432	3279	1474	3417	100	ف
0		17	1396	3279	1432	3417	100	م
0		17	1348	3279	1396	3417	94	ن
0		17	1294	3279	1348	3417	100	 
0		17	1246	3279	1294	3417	100	ح
0		17	1192	3279	1246	3417	100	ي
0		17	1138	3279	1192	3417	100	ث
0		17	1084	3279	1138	3417	100	 
0		17	1053	3279	1083	3417	100	د
0		17	1023	3279	1053	3417	99	ل
0		17	993	3279	1023	3417	69	ا
0		17	957	3279	993	3417	100	ل
0		17	927	3279	957	3417	100	ت
0		17	885	3279	927	3417	100	ه
0		17	849	3279	885	3417	100	 
0		17	819	3279	849	3417	100	ع
0		17	795	3279	819	3417	100	ل
0		17	765	3279	795	3417	70	ى
0		17	723	3279	765	3417	100	 
0		17	705	3279	723	3417	100	ا
0		17	674	3279	704	3417	100	ل
0		17	638	3279	674	3417	95	ذ
0		17	584	3279	638	3417	100	ا
0		17	512	3279	584	3417	99	ت
0		18	3212	3426	3237	3592	82	ل
0		18	3181	3426	3212	3592	100	ه
0		18	3138	3426	3181	3592	94	 
0		18	3101	3426	3137	3592	99	ج
0		18	3076	3426	3100	3592	97	م
0		18	3045	3426	3075	3592	70	ي
0		18	3014	3426	3045	3592	100	ـ
0		18	2971	3426	3014	3592	100	ع
0		18	2940	3426	2970	3592	100	 
0		18	2915	3426	2939	3592	100	ا
0		18	2890	3426	2915	3592	100	ل
0		18	2878	3426	2890	3592	100	ا
0		18	2853	3426	2878	3592	100	ٔ
0		18	2798	3426	2853	3592	100	س
0		18	2767	3426	2797	3592	79	م
0		18	2748	3426	2766	3592	100	ا
0		18	2711	3426	2747	3592	100	ء
0		18	2674	3426	2710	3592	100	 
0		18	2649	3426	2673	3592	61	،
0		18	2612	3426	2648	3592	83	 
0		18	2575	3426	2611	3592	98	و
0		18	2513	3426	2574	3592	100	م
0		18	2470	3426	2512	3592	100	ن
0		18	2420	3426	2469	3592	100	 
0		18	2371	3426	2419	3592	100	ح
0		18	2321	3426	2370	3592	100	ي
0		18	2259	3426	2321	3592	99	ث
0		18	2203	3426	2259	3592	100	 
0		18	2179	3426	2203	3592	99	د
0		18	2148	3426	2178	3592	99	ل
0		18	2117	3426	2147	3592	99	ا
0		18	2080	3426	2116	3592	98	ل
0		18	2049	3426	2079	3592	98	ت
0		18	2005	3426	2048	3592	99	ه
0		18	1962	3426	2005	3592	100	 
0		18	1925	3426	1961	3592	98	ع
0		18	1900	3426	1924	3592	100	ل
0		18	1869	3426	1900	3592	96	ى
0		18	1838	3426	1869	3592	90	 
0		18	1807	3426	1838	3592	100	ا
0		18	1789	3426	1807	3592	97	ل
0		18	1770	3426	1788	3592	100	م
0		18	1733	3426	1769	3592	93	ع
0		18	1714	3426	1732	3592	87	ن
0		18	1671	3426	1714	3592	100	ى
0		18	1640	3426	1670	3592	100	 
0		18	1615	3426	1640	3592	96	ا
0		18	1584	3426	1615	3592	99	ل
0		18	1541	3426	1584	3592	97	ذ
0		18	1467	3426	1541	3592	100	ي
0		18	1405	3426	1466	3592	100	 
0		18	1374	3426	1404	3592	100	ي
0		18	1349	3426	1373	3592	99	ن
0		18	1306	3426	1348	3592	100	ف
0		18	1262	3426	1305	3592	97	ر
0		18	1219	3426	1262	3592	95	د
0		18	1188	3426	1218	3592	100	 
0		18	1151	3426	1188	3592	64	ب
0		18	1114	3426	1151	3592	100	ه
0		18	1077	3426	1113	3592	100	 
0		18	1046	3426	1076	3592	100	،
0		18	1009	3426	1045	3592	100	 
0		18	978	3426	1008	3592	100	ي
0		18	947	3426	977	3592	100	ت
0		18	904	3426	946	3592	100	م
0		18	872	3426	903	3592	100	ي
0		18	848	3426	872	3592	70	ز
0		18	798	3426	847	3592	100	 
0		18	755	3426	798	3592	100	ع
0		18	712	3426	754	3592	100	ن
0		18	662	3426	711	3592	100	 
0		18	619	3426	661	3592	100	غ
0		18	594	3426	618	3592	98	ي
0		18	550	3426	593	3592	100	ر
0		18	507	3426	550	3592	89	ه
0		19	3188	3601	3218	3755	99	ك
0		19	3170	3601	3188	3755	99	ا
0		19	3152	3601	3170	3755	99	ل
0		19	3103	3601	3152	3755	99	ر
0		19	3036	3601	3102	3755	100	ب
0		19	2987	3601	3036	3755	100	 
0		19	2957	3601	2987	3755	99	و
0		19	2908	3601	2956	3755	100	ا
0		19	2884	3601	2908	3755	100	ل
0		19	2853	3601	2884	3755	100	خ
0		19	2823	3601	2853	3755	100	ا
0		19	2792	3601	2823	3755	93	ل
0		19	2732	3601	2792	3755	100	ق
0		19	2671	3601	2731	3755	100	 
0		19	2628	3601	2670	3755	100	و
0		19	2598	3601	2628	3755	47	ا
0		19	2567	3601	2597	3755	100	ل
0		19	2549	3601	2567	3755	100	م
0		19	2500	3601	2548	3755	98	ص
0		19	2439	3601	2500	3755	100	و
0		19	2384	3601	2439	3755	100	ر
0		19	2348	3601	2384	3755	99	 
0		19	2323	3601	2348	3755	98	ا
0		19	2311	3601	2323	3755	99	ٕ
0		19	2299	3601	2311	3755	89	ل
0		19	2257	3601	2299	3755	97	ى
0		19	2177	3601	2256	3755	100	 
0		19	2147	3601	2177	3755	98	غ
0		19	2116	3601	2146	3755	100	ي
0		19	2074	3601	2116	3755	100	ر
0		19	2013	3601	2073	3755	100	 
0		19	1982	3601	2012	3755	98	ذ
0		19	1940	3601	1982	3755	100	ل
0		19	1885	3601	1939	3755	100	ك
0		19	1842	3601	1884	3755	99	 
0		19	1812	3601	1842	3755	100	.
0		19	1769	3601	1811	3755	100	 
0		19	1739	3601	1769	3755	100	ف
0		19	1708	3601	1738	3755	99	ا
0		19	1678	3601	1708	3755	100	ل
0		19	1647	3601	1677	3755	71	ا
0		19	1593	3601	1647	3755	100	س
0		19	1526	3601	1592	3755	100	م
0		19	1471	3601	1525	3755	100	 
0		19	1452	3601	1470	3755	100	ا
0		19	1422	3601	1452	3755	100	ل
0		19	1404	3601	1422	3755	100	م
0		19	1355	3601	1403	3755	100	س
0		19	1306	3601	1354	3755	100	م
0		19	1258	3601	1306	3755	90	ى
0		19	1209	3601	1257	3755	98	 
0		19	1172	3601	1208	3755	100	م
0		19	1118	3601	1172	3755	100	ن
0		19	1038	3601	1117	3755	98	 
0		19	996	3601	1038	3755	100	ح
0		19	947	3601	995	3755	100	ي
0		19	874	3601	946	3755	99	ث
0		19	813	3601	873	3755	67	 
0		19	788	3601	813	3755	100	ا
0		19	758	3601	788	3755	100	ل
0		19	728	3601	758	3755	100	ذ
0		19	673	3601	727	3755	100	ا
0		19	606	3601	672	3755	100	ت
0		19	539	3601	605	3755	100	 
0		19	502	3601	538	3755	85	،
