stripe	column	line	left	top	right	bottom	confidence	text
0		1	1620	131	1662	204	96	2
0		1	1655	131	1619	204	100	2
0		1	1685	131	1656	204	98	 
0		1	1579	131	1685	204	100	6
0		2	2960	429	2997	569	97	م
0		2	2918	429	2960	569	98	ن
0		2	2887	429	2917	569	97	 
0		2	2833	429	2887	569	73	و
0		2	2771	429	2832	569	100	ج
0		2	2723	429	2771	569	95	ه
0		2	2692	429	2722	569	96	 
0		2	2656	429	2692	569	100	؛
0		2	2619	429	2655	569	100	 
0		2	2595	429	2619	569	100	ف
0		2	2558	429	2594	569	100	ق
0		2	2528	429	2558	569	100	ي
0		2	2479	429	2527	569	100	ل
0		2	2424	429	2478	569	100	 
0		2	2399	429	2423	569	100	ف
0		2	2369	429	2399	569	86	ي
0		2	2326	429	2368	569	100	ه
0		2	2290	429	2326	569	98	 
0		2	2259	429	2289	569	100	م
0		2	2223	429	2259	569	91	ن
0		2	2168	429	2222	569	99	 
0		2	2119	429	2167	569	100	ط
0		2	2083	429	2119	569	99	ر
0		2	2040	429	2082	569	99	ي
0		2	1997	429	2039	569	99	ق
0		2	1954	429	1996	569	100	 
0		2	1930	429	1954	569	99	ا
0		2	1912	429	1930	569	100	ل
0		2	1863	429	1911	569	100	ت
0		2	1808	429	1862	569	99	ح
0		2	1778	429	1808	569	100	ق
0		2	1747	429	1777	569	98	ي
0		2	1686	429	1747	569	100	ق
0		2	1631	429	1685	569	100	 
0		2	1601	429	1631	569	100	«
0		2	1558	429	1600	569	54	و
0		2	1521	429	1557	569	100	ي
0		2	1485	429	1521	569	100	ح
0		2	1448	429	1484	569	100	ي
0		2	1400	429	1448	569	100	ي
0		2	1357	429	1399	569	100	 
0		2	1332	429	1357	569	100	ا
0		2	1308	429	1332	569	100	ل
0		2	1296	429	1308	569	100	م
0		2	1259	429	1296	569	100	و
0		2	1205	429	1259	569	100	ت
0		2	1138	429	1204	569	100	ى
0		2	1089	429	1137	569	100	»
0		2	1046	429	1088	569	100	 
0		2	1021	429	1045	569	83	؛
0		2	985	429	1021	569	93	 
0		2	949	429	985	569	100	و
0		2	906	429	948	569	98	ق
0		2	875	429	905	569	99	ي
0		2	827	429	875	569	100	ل
0		2	778	429	826	569	100	 
0		2	741	429	777	569	99	ف
0		2	711	429	741	569	100	ي
0		2	680	429	710	569	78	ه
0		2	631	429	680	569	100	 
0		2	601	429	631	569	100	م
0		2	552	429	600	569	100	ن
0		2	497	429	552	569	100	 
0		2	455	429	497	569	100	ط
0		2	406	429	454	569	100	ر
0		2	369	429	405	569	100	ي
0		2	314	429	369	569	79	ق
0		3	2978	578	3008	766	80	ا
0		3	2957	578	2979	766	97	ل
0		3	2927	578	2956	766	98	ت
0		3	2876	578	2927	766	100	و
0		3	2846	578	2876	766	99	ه
0		3	2816	578	2847	766	100	م
0		3	2758	578	2817	766	100	 
0		3	2707	578	2758	766	96	ف
0		3	2670	578	2706	766	99	ت
0		3	2634	578	2670	766	100	ن
0		3	2597	578	2633	766	65	ف
0		3	2560	578	2597	766	72	خ
0		3	2516	578	2560	766	100	 
0		3	2487	578	2516	766	94	ف
0		3	2450	578	2486	766	96	ي
0		3	2420	578	2450	766	100	ه
0		3	2376	578	2421	766	100	 
0		3	2347	578	2377	766	100	ف
0		3	2289	578	2347	766	100	ي
0		3	2222	578	2288	766	63	ك
0		3	2163	578	2223	766	100	و
0		3	2105	578	2164	766	100	ن
0		3	2054	578	2105	766	96	 
0		3	2002	578	2053	766	100	ط
0		3	1973	578	2002	766	100	ـ
0		3	1944	578	1972	766	100	ي
0		3	1914	578	1943	766	36	ر
0		3	1892	578	1914	766	92	 
0		3	1877	578	1892	766	91	ا
0		3	1862	578	1878	766	97	ٔ
0		3	1833	578	1863	766	98	(
0		3	1797	578	1833	766	99	1
0		3	1768	578	1796	766	100	)
0		3	1738	578	1767	766	99	ب
0		3	1716	578	1738	766	56	ا
0		3	1694	578	1716	766	35	ٕ
0		3	1665	578	1694	766	100	ز
0		3	1628	578	1664	766	97	 
0		3	1591	578	1628	766	67	ن
0		3	1539	578	1591	766	100	 
0		3	1510	578	1540	766	100	ا
0		3	1489	578	1511	766	100	ل
0		3	1444	578	1488	766	67	ل
0		3	1407	578	1445	766	96	ه
0		3	1371	578	1408	766	100	 
0		3	1334	578	1371	766	100	ف
0		3	1305	578	1335	766	100	ا
0		3	1268	578	1305	766	100	ل
0		3	1239	578	1268	766	100	ع
0		3	1210	578	1238	766	80	ا
0		3	1166	578	1209	766	99	م
0		3	1121	578	1165	766	100	ل
0		3	1078	578	1122	766	100	 
0		3	1040	578	1077	766	99	ف
0		3	1019	578	1041	766	68	ي
0		3	982	578	1018	766	95	 
0		3	952	578	982	766	84	ا
0		3	923	578	953	766	100	ل
0		3	908	578	924	766	77	م
0		3	887	578	909	766	100	ج
0		3	835	578	886	766	96	ر
0		3	791	578	835	766	100	و
0		3	747	578	791	766	89	ر
0		3	696	578	747	766	92	 
0		3	667	578	695	766	100	«
0		3	615	578	666	766	89	ي
0		3	549	578	615	766	100	ك
0		3	482	578	549	766	100	و
0		3	395	578	483	766	100	ن
0		3	344	578	394	766	100	 
0		3	314	578	343	766	62	،
0		4	3104	775	3204	943	99	7
0		4	3011	775	3104	943	98	 
0		4	2964	775	3010	943	99	ل
0		4	2917	775	2963	943	100	 
0		4	2883	775	2916	943	100	ق
0		4	2843	775	2883	943	100	و
0		4	2816	775	2843	943	100	ل
0		4	2783	775	2817	943	99	ه
0		4	2770	775	2782	943	100	 
0		4	2749	775	2769	943	94	(
0		4	2709	775	2750	943	100	2
0		4	2676	775	2710	943	99	)
0		4	2636	775	2676	943	97	«
0		4	2602	775	2635	943	90	ت
0		4	2575	775	2602	943	95	ن
0		4	2535	775	2576	943	99	ف
0		4	2482	775	2535	943	100	خ
0		4	2435	775	2481	943	99	»
0		4	2395	775	2435	943	100	 
0		4	2368	775	2394	943	100	.
0		4	2334	775	2368	943	100	 
0		4	2288	775	2335	943	100	و
0		4	2254	775	2288	943	100	ي
0		4	2221	775	2255	943	100	ح
0		4	2181	775	2221	943	40	ت
0		4	2147	775	2181	943	90	م
0		4	2086	775	2148	943	96	ل
0		4	2020	775	2087	943	93	 
0		4	2007	775	2020	943	98	ا
0		4	1980	775	2006	943	97	ٔ
0		4	1946	775	1980	943	99	ن
0		4	1906	775	1947	943	93	 
0		4	1853	775	1907	943	100	ي
0		4	1785	775	1853	943	100	ك
0		4	1746	775	1786	943	100	و
0		4	1679	775	1745	943	100	ن
0		4	1632	775	1679	943	100	 
0		4	1619	775	1632	943	100	ا
0		4	1585	775	1618	943	100	ل
0		4	1545	775	1586	943	97	ع
0		4	1518	775	1545	943	95	ا
0		4	1478	775	1519	943	100	م
0		4	1438	775	1479	943	97	ل
0		4	1384	775	1438	943	84	 
0		4	1357	775	1385	943	100	ف
0		4	1311	775	1358	943	100	ي
0		4	1271	775	1311	943	59	ه
0		4	1224	775	1271	943	100	 
0		4	1197	775	1224	943	91	ت
0		4	1170	775	1198	943	100	ن
0		4	1124	775	1171	943	100	ف
0		4	1077	775	1123	943	100	خ
0		4	1030	775	1076	943	100	 
0		4	1009	775	1030	943	100	،
0		4	969	775	1010	943	100	 
0		4	943	775	970	943	100	ف
0		4	883	775	943	943	100	ي
0		4	822	775	883	943	88	ك
0		4	776	775	823	943	100	و
0		4	728	775	776	943	100	ن
0		4	676	775	729	943	100	 
0		4	621	775	675	943	100	ط
0		4	602	775	622	943	95	ا
0		4	589	775	601	943	99	ي
0		4	562	775	588	943	100	ٔ
0		4	521	775	561	943	100	ـ
0		4	474	775	521	943	100	ر
0		4	441	775	475	943	100	ا
0		4	428	775	441	943	58	ً
0		4	415	775	427	943	100	 
0		4	401	775	414	943	100	ً
0		4	361	775	401	943	94	م
0		4	314	775	361	943	100	ن
0		5	2944	952	2988	1130	100	ح
0		5	2893	952	2944	1130	72	ي
0		5	2837	952	2894	1130	93	ث
0		5	2781	952	2837	1130	98	 
0		5	2737	952	2781	1130	79	ص
0		5	2681	952	2737	1130	100	و
0		5	2636	952	2680	1130	100	ر
0		5	2593	952	2637	1130	100	ت
0		5	2562	952	2592	1130	82	ه
0		5	2530	952	2561	1130	100	 
0		5	2499	952	2529	1130	100	ا
0		5	2467	952	2498	1130	100	ل
0		5	2436	952	2467	1130	100	ج
0		5	2385	952	2435	1130	99	س
0		5	2336	952	2385	1130	100	م
0		5	2304	952	2335	1130	100	ي
0		5	2273	952	2304	1130	92	ة
0		5	2235	952	2272	1130	100	 
0		5	2210	952	2234	1130	100	 
0		5	2178	952	2209	1130	99	ا
0		5	2141	952	2178	1130	100	ل
0		5	2116	952	2140	1130	92	ح
0		5	2071	952	2115	1130	64	س
0		5	2028	952	2072	1130	95	ي
0		5	1990	952	2027	1130	54	ة
0		5	1940	952	1990	1130	98	 
0		5	1921	952	1939	1130	89	.
0		5	1884	952	1920	1130	98	 
0		5	1826	952	1883	1130	100	و
0		5	1771	952	1827	1130	100	ك
0		5	1726	952	1770	1130	100	ذ
0		5	1676	952	1726	1130	100	ل
0		5	1619	952	1676	1130	100	ك
0		5	1570	952	1620	1130	100	 
0		5	1538	952	1569	1130	63	«
0		5	1469	952	1538	1130	100	ت
0		5	1387	952	1469	1130	100	ـ
0		5	1350	952	1387	1130	77	ب
0		5	1306	952	1349	1130	99	ر
0		5	1243	952	1306	1130	100	ى
0		5	1193	952	1243	1130	92	ء
0		5	1162	952	1192	1130	100	 
0		5	1137	952	1161	1130	100	ا
0		5	1111	952	1136	1130	100	ل
0		5	1086	952	1111	1130	94	ا
0		5	1055	952	1086	1130	100	ٔ
0		5	1011	952	1055	1130	100	ك
0		5	954	952	1011	1130	100	م
0		5	892	952	954	1130	100	 
0		5	860	952	891	1130	90	و
0		5	823	952	860	1130	100	ا
0		5	810	952	822	1130	62	ل
0		5	785	952	810	1130	100	ا
0		5	766	952	784	1130	93	ٔ
0		5	747	952	765	1130	100	ب
0		5	709	952	747	1130	52	ر
0		5	628	952	710	1130	100	ص
0		5	566	952	628	1130	100	»
0		5	528	952	565	1130	100	 
0		5	483	952	527	1130	100	و
0		5	446	952	484	1130	99	ج
0		5	415	952	446	1130	96	م
0		5	358	952	414	1130	99	ي
0		5	314	952	358	1130	100	ع
0		6	2957	1139	2999	1302	100	م
0		6	2928	1139	2956	1302	85	ا
0		6	2899	1139	2927	1302	98	 
0		6	2871	1139	2899	1302	99	ي
0		6	2834	1139	2870	1302	57	ن
0		6	2763	1139	2835	1302	100	س
0		6	2705	1139	2763	1302	100	ب
0		6	2676	1139	2706	1302	91	 
0		6	2655	1139	2677	1302	98	(
0		6	2612	1139	2655	1302	100	3
0		6	2590	1139	2612	1302	93	)
0		6	2561	1139	2591	1302	100	ا
0		6	2547	1139	2562	1302	100	ٕ
0		6	2526	1139	2547	1302	100	ل
0		6	2489	1139	2525	1302	94	ي
0		6	2461	1139	2490	1302	82	ه
0		6	2418	1139	2461	1302	100	 
0		6	2389	1139	2418	1302	78	و
0		6	2360	1139	2390	1302	99	ا
0		6	2346	1139	2361	1302	99	ٕ
0		6	2317	1139	2346	1302	100	ل
0		6	2288	1139	2318	1302	100	ى
0		6	2245	1139	2289	1302	100	 
0		6	2231	1139	2246	1302	100	ا
0		6	2210	1139	2231	1302	91	ٕ
0		6	2167	1139	2209	1302	80	ذ
0		6	2095	1139	2166	1302	100	ن
0		6	2044	1139	2095	1302	100	 
0		6	2030	1139	2045	1302	100	ا
0		6	2009	1139	2030	1302	98	ل
0		6	1973	1139	2008	1302	100	ل
0		6	1958	1139	1973	1302	65	ه
0		6	1923	1139	1959	1302	99	 
0		6	1886	1139	1922	1302	92	و
0		6	1858	1139	1887	1302	96	ا
0		6	1837	1139	1858	1302	98	ٕ
0		6	1786	1139	1836	1302	62	ذ
0		6	1722	1139	1786	1302	91	ن
0		6	1685	1139	1721	1302	90	 
0		6	1657	1139	1686	1302	100	ا
0		6	1606	1139	1657	1302	74	ل
0		6	1549	1139	1607	1302	98	ك
0		6	1521	1139	1549	1302	100	ن
0		6	1492	1139	1520	1302	94	ا
0		6	1470	1139	1491	1302	97	ي
0		6	1441	1139	1470	1302	100	ة
0		6	1406	1139	1442	1302	100	 
0		6	1384	1139	1405	1302	97	ف
0		6	1348	1139	1384	1302	100	ي
0		6	1305	1139	1348	1302	100	 
0		6	1277	1139	1305	1302	99	م
0		6	1234	1139	1276	1302	99	ث
0		6	1197	1139	1233	1302	86	ل
0		6	1140	1139	1198	1302	100	 
0		6	1104	1139	1140	1302	100	ق
0		6	1076	1139	1104	1302	96	و
0		6	1032	1139	1075	1302	100	ل
0		6	1010	1139	1032	1302	84	ه
0		6	975	1139	1011	1302	100	 
0		6	953	1139	974	1302	100	ب
0		6	924	1139	953	1302	100	ا
0		6	903	1139	925	1302	95	ٕ
0		6	874	1139	902	1302	97	ذ
0		6	838	1139	874	1302	100	ن
0		6	817	1139	838	1302	100	ي
0		6	774	1139	816	1302	100	 
0		6	737	1139	773	1302	100	و
0		6	702	1139	738	1302	99	ب
0		6	680	1139	701	1302	95	ا
0		6	659	1139	680	1302	77	ٕ
0		6	622	1139	658	1302	100	ذ
0		6	573	1139	623	1302	100	ن
0		6	530	1139	572	1302	100	(
0		6	493	1139	529	1302	100	4
0		6	421	1139	494	1302	100	ا
0		6	393	1139	422	1302	87	ش
0		6	372	1139	393	1302	58	ه
0		6	343	1139	371	1302	96	 
0		6	314	1139	342	1302	98	.
0		7	2967	1311	2994	1483	51	ف
0		7	2940	1311	2967	1483	92	ا
0		7	2919	1311	2939	1483	99	ٕ
0		7	2892	1311	2920	1483	98	ذ
0		7	2859	1311	2893	1483	100	ا
0		7	2832	1311	2859	1483	100	 
0		7	2798	1311	2831	1483	100	ت
0		7	2771	1311	2798	1483	100	ع
0		7	2738	1311	2771	1483	99	ل
0		7	2677	1311	2737	1483	100	ق
0		7	2616	1311	2676	1483	100	 
0		7	2589	1311	2615	1483	99	ا
0		7	2562	1311	2589	1483	100	ل
0		7	2549	1311	2561	1483	98	م
0		7	2522	1311	2548	1483	99	ج
0		7	2481	1311	2521	1483	100	ر
0		7	2427	1311	2480	1483	96	و
0		7	2379	1311	2426	1483	100	ر
0		7	2318	1311	2380	1483	100	 
0		7	2271	1311	2319	1483	100	ب
0		7	2244	1311	2272	1483	85	ت
0		7	2211	1311	2245	1483	94	ن
0		7	2170	1311	2210	1483	99	ف
0		7	2109	1311	2170	1483	99	خ
0		7	2076	1311	2109	1483	100	»
0		7	2042	1311	2075	1483	95	 
0		7	2001	1311	2042	1483	100	ف
0		7	1948	1311	2002	1483	81	ي
0		7	1893	1311	1947	1483	98	ك
0		7	1846	1311	1894	1483	100	و
0		7	1792	1311	1846	1483	99	ن
0		7	1752	1311	1792	1483	100	 
0		7	1725	1311	1751	1483	100	ا
0		7	1704	1311	1725	1483	99	ل
0		7	1664	1311	1705	1483	100	ن
0		7	1637	1311	1664	1483	89	ا
0		7	1590	1311	1637	1483	100	ف
0		7	1543	1311	1590	1483	100	ـ
0		7	1496	1311	1543	1483	95	خ
0		7	1455	1311	1495	1483	100	 
0		7	1421	1311	1454	1483	82	م
0		7	1401	1311	1421	1483	95	ا
0		7	1380	1311	1401	1483	99	ٔ
0		7	1347	1311	1381	1483	100	ذ
0		7	1299	1311	1346	1483	69	و
0		7	1259	1311	1299	1483	100	ن
0		7	1239	1311	1259	1483	62	ا
0		7	1225	1311	1239	1483	99	ً
0		7	1212	1311	1225	1483	100	 
0		7	1178	1311	1211	1483	100	ل
0		7	1151	1311	1178	1483	100	ه
0		7	1110	1311	1151	1483	100	 
0		7	1091	1311	1111	1483	100	ف
0		7	1064	1311	1090	1483	100	ي
0		7	1023	1311	1063	1483	100	 
0		7	1009	1311	1023	1483	100	ا
0		7	983	1311	1009	1483	99	ل
0		7	948	1311	982	1483	100	ن
0		7	915	1311	949	1483	55	ف
0		7	860	1311	914	1483	99	خ
0		7	800	1311	861	1483	99	 
0		7	766	1311	800	1483	100	و
0		7	706	1311	766	1483	87	ي
0		7	638	1311	705	1483	100	ك
0		7	604	1311	638	1483	100	و
0		7	550	1311	604	1483	100	ن
0		7	523	1311	550	1483	100	 
0		7	497	1311	523	1483	100	ا
0		7	463	1311	496	1483	100	ل
0		7	416	1311	463	1483	100	ط
0		7	389	1311	415	1483	54	ا
0		7	375	1311	388	1483	98	ي
0		7	348	1311	375	1483	100	ٔ
0		7	314	1311	347	1483	99	ر
0		8	2948	1492	2996	1654	89	ع
0		8	2906	1492	2948	1654	100	ن
0		8	2885	1492	2906	1654	100	 
0		8	2858	1492	2885	1654	100	(
0		8	2823	1492	2857	1654	100	5
0		8	2802	1492	2823	1654	99	)
0		8	2774	1492	2802	1654	100	ا
0		8	2753	1492	2774	1654	85	ل
0		8	2726	1492	2754	1654	90	ن
0		8	2684	1492	2726	1654	100	ا
0		8	2650	1492	2684	1654	96	ف
0		8	2615	1492	2649	1654	100	خ
0		8	2573	1492	2615	1654	100	 
0		8	2546	1492	2574	1654	35	ب
0		8	2525	1492	2546	1654	98	ا
0		8	2504	1492	2525	1654	100	ٕ
0		8	2470	1492	2504	1654	100	ذ
0		8	2421	1492	2469	1654	97	ن
0		8	2386	1492	2421	1654	100	 
0		8	2359	1492	2386	1654	99	ا
0		8	2338	1492	2359	1654	100	ل
0		8	2303	1492	2338	1654	100	ل
0		8	2276	1492	2303	1654	100	ه
0		8	2234	1492	2275	1654	100	 
0		8	2213	1492	2234	1654	98	.
0		8	2171	1492	2213	1654	100	 
0		8	2137	1492	2172	1654	99	و
0		8	2109	1492	2137	1654	97	ا
0		8	2088	1492	2109	1654	100	ٕ
0		8	2060	1492	2088	1654	97	ذ
0		8	2019	1492	2061	1654	92	ا
0		8	1957	1492	2019	1654	100	 
0		8	1929	1492	1956	1654	99	ك
0		8	1894	1492	1929	1654	100	ا
0		8	1852	1492	1894	1654	100	ن
0		8	1832	1492	1853	1654	86	 
0		8	1804	1492	1832	1654	100	ا
0		8	1783	1492	1804	1654	46	ل
0		8	1749	1492	1783	1654	99	ن
0		8	1714	1492	1749	1654	100	ا
0		8	1680	1492	1714	1654	52	ف
0		8	1631	1492	1679	1654	96	خ
0		8	1561	1492	1631	1654	100	 
0		8	1541	1492	1562	1654	99	ن
0		8	1520	1492	1541	1654	60	ا
0		8	1478	1492	1520	1654	100	ف
0		8	1430	1492	1479	1654	100	خ
0		8	1402	1492	1430	1654	100	ا
0		8	1388	1492	1402	1654	100	ً
0		8	1374	1492	1388	1654	99	 
0		8	1347	1492	1374	1654	95	ل
0		8	1312	1492	1347	1654	100	ا
0		8	1278	1492	1312	1654	100	 
0		8	1229	1492	1277	1654	100	ع
0		8	1187	1492	1229	1654	100	ن
0		8	1153	1492	1187	1654	100	 
0		8	1125	1492	1153	1654	100	ا
0		8	1097	1492	1125	1654	99	ل
0		8	1083	1492	1097	1654	100	ا
0		8	1062	1492	1083	1654	99	ٕ
0		8	1014	1492	1063	1654	100	ذ
0		8	959	1492	1014	1654	98	ن
0		8	917	1492	958	1654	100	 
0		8	896	1492	917	1654	78	،
0		8	854	1492	896	1654	100	 
0		8	827	1492	855	1654	100	ف
0		8	771	1492	827	1654	100	ي
0		8	716	1492	772	1654	100	ك
0		8	668	1492	716	1654	100	و
0		8	619	1492	667	1654	95	ن
0		8	584	1492	619	1654	100	 
0		8	563	1492	584	1654	100	ا
0		8	536	1492	564	1654	100	ل
0		8	480	1492	536	1654	96	ت
0		8	425	1492	481	1654	100	ك
0		8	390	1492	425	1654	100	و
0		8	355	1492	390	1654	100	ي
0		8	314	1492	356	1654	100	ن
0		9	2986	1663	3007	1830	98	ل
0		9	2953	1663	2987	1830	99	ل
0		9	2904	1663	2952	1830	100	ط
0		9	2870	1663	2905	1830	99	ا
0		9	2857	1663	2870	1830	96	ي
0		9	2829	1663	2856	1830	100	ٔ
0		9	2802	1663	2829	1830	100	ر
0		9	2747	1663	2801	1830	99	 
0		9	2698	1663	2746	1830	100	ط
0		9	2665	1663	2699	1830	100	ا
0		9	2651	1663	2664	1830	100	ي
0		9	2637	1663	2651	1830	97	ٔ
0		9	2603	1663	2637	1830	100	ر
0		9	2569	1663	2603	1830	100	ا
0		9	2555	1663	2568	1830	98	ً
0		9	2534	1663	2555	1830	74	 
0		9	2507	1663	2535	1830	100	ب
0		9	2486	1663	2507	1830	100	ا
0		9	2465	1663	2486	1830	97	ٕ
0		9	2432	1663	2466	1830	97	ذ
0		9	2383	1663	2431	1830	100	ن
0		9	2336	1663	2384	1830	100	 
0		9	2322	1663	2335	1830	97	ا
0		9	2287	1663	2322	1830	100	ل
0		9	2267	1663	2288	1830	100	ل
0		9	2240	1663	2267	1830	100	ه
0		9	2199	1663	2239	1830	100	 
0		9	2178	1663	2198	1830	56	،
0		9	2137	1663	2178	1830	100	 
0		9	2109	1663	2137	1830	99	ف
0		9	2054	1663	2110	1830	100	ي
0		9	1986	1663	2055	1830	100	ك
0		9	1952	1663	1986	1830	78	و
0		9	1904	1663	1951	1830	100	ن
0		9	1870	1663	1904	1830	100	 
0		9	1842	1663	1869	1830	100	ا
0		9	1815	1663	1842	1830	100	ل
0		9	1780	1663	1814	1830	93	ع
0		9	1747	1663	1781	1830	49	ا
0		9	1712	1663	1746	1830	81	م
0		9	1664	1663	1712	1830	100	ل
0		9	1610	1663	1664	1830	100	 
0		9	1568	1663	1609	1830	99	ع
0		9	1534	1663	1568	1830	99	ن
0		9	1492	1663	1534	1830	99	د
0		9	1451	1663	1493	1830	100	 
0		9	1424	1663	1452	1830	99	ذ
0		9	1369	1663	1424	1830	99	ل
0		9	1314	1663	1370	1830	100	ك
0		9	1259	1663	1315	1830	100	 
0		9	1232	1663	1260	1830	100	«
0		9	1177	1663	1233	1830	98	ي
0		9	1109	1663	1178	1830	100	ك
0		9	1067	1663	1109	1830	100	و
0		9	999	1663	1068	1830	100	ن
0		9	965	1663	1000	1830	100	»
0		9	951	1663	965	1830	66	 
0		9	924	1663	951	1830	100	.
0		9	889	1663	924	1830	99	 
0		9	848	1663	890	1830	100	ف
0		9	828	1663	849	1830	81	ل
0		9	793	1663	828	1830	100	و
0		9	760	1663	794	1830	100	ل
0		9	732	1663	759	1830	100	ا
0		9	705	1663	732	1830	100	 
0		9	691	1663	704	1830	100	ا
0		9	656	1663	691	1830	100	ٔ
0		9	615	1663	657	1830	100	ن
0		9	574	1663	616	1830	100	 
0		9	554	1663	575	1830	100	ف
0		9	519	1663	554	1830	100	ي
0		9	472	1663	520	1830	71	 
0		9	458	1663	471	1830	98	ا
0		9	431	1663	458	1830	100	ل
0		9	417	1663	430	1830	97	ا
0		9	382	1663	417	1830	100	ٔ
0		9	355	1663	383	1830	95	س
0		9	314	1663	355	1830	99	ر
0		10	2976	1839	3007	2008	81	ت
0		10	2946	1839	2976	2008	100	و
0		10	2903	1839	2946	2008	100	ه
0		10	2873	1839	2903	2008	100	م
0		10	2855	1839	2873	2008	96	ا
0		10	2842	1839	2854	2008	100	ً
0		10	2812	1839	2842	2008	100	 
0		10	2776	1839	2812	2008	99	و
0		10	2733	1839	2775	2008	100	ت
0		10	2702	1839	2733	2008	100	ح
0		10	2666	1839	2702	2008	100	ق
0		10	2629	1839	2665	2008	100	ق
0		10	2611	1839	2629	2008	88	ا
0		10	2599	1839	2611	2008	96	ً
0		10	2568	1839	2599	2008	100	 
0		10	2526	1839	2568	2008	100	م
0		10	2495	1839	2525	2008	99	ا
0		10	2447	1839	2495	2008	100	 
0		10	2404	1839	2446	2008	55	ق
0		10	2373	1839	2403	2008	100	ب
0		10	2337	1839	2373	2008	100	ـ
0		10	2264	1839	2336	2008	95	ل
0		10	2173	1839	2263	2008	100	ت
0		10	2112	1839	2172	2008	99	 
0		10	2075	1839	2111	2008	100	ه
0		10	2026	1839	2074	2008	67	ذ
0		10	1983	1839	2025	2008	100	ه
0		10	1965	1839	1983	2008	58	 
0		10	1941	1839	1965	2008	100	ا
0		10	1904	1839	1941	2008	85	ل
0		10	1850	1839	1904	2008	98	ص
0		10	1801	1839	1849	2008	100	و
0		10	1752	1839	1800	2008	96	ر
0		10	1715	1839	1751	2008	98	ة
0		10	1673	1839	1715	2008	99	 
0		10	1636	1839	1672	2008	100	ه
0		10	1588	1839	1636	2008	100	ذ
0		10	1557	1839	1587	2008	99	ي
0		10	1514	1839	1557	2008	99	ن
0		10	1478	1839	1514	2008	97	 
0		10	1460	1839	1478	2008	100	ا
0		10	1435	1839	1459	2008	100	ل
0		10	1393	1839	1435	2008	100	و
0		10	1326	1839	1392	2008	98	ج
0		10	1289	1839	1325	2008	100	ه
0		10	1271	1839	1289	2008	100	ي
0		10	1234	1839	1270	2008	99	ن
0		10	1204	1839	1234	2008	100	 
0		10	1179	1839	1203	2008	100	.
0		10	1143	1839	1179	2008	100	 
0		10	1118	1839	1142	2008	92	ب
0		10	1076	1839	1118	2008	100	ل
0		10	1021	1839	1075	2008	100	 
0		10	1003	1839	1021	2008	100	ل
0		10	972	1839	1002	2008	100	ه
0		10	942	1839	972	2008	100	ا
0		10	905	1839	941	2008	100	 
0		10	869	1839	905	2008	100	ه
0		10	826	1839	868	2008	74	ذ
0		10	783	1839	825	2008	100	ا
0		10	735	1839	783	2008	100	ن
0		10	698	1839	734	2008	99	 
0		10	674	1839	698	2008	96	ا
0		10	655	1839	673	2008	58	ل
0		10	613	1839	655	2008	100	و
0		10	552	1839	612	2008	100	ج
0		10	515	1839	551	2008	100	ه
0		10	479	1839	515	2008	98	ا
0		10	448	1839	478	2008	60	ن
0		10	430	1839	448	2008	100	 
0		10	405	1839	430	2008	100	ل
0		10	381	1839	405	2008	100	ا
0		10	363	1839	381	2008	100	ٔ
0		10	314	1839	363	2008	97	ن
0		11	2987	2017	3015	2194	100	ا
0		11	2966	2017	2987	2194	52	ل
0		11	2924	2017	2966	2194	99	ن
0		11	2875	2017	2924	2194	100	ش
0		11	2847	2017	2875	2194	84	ا
0		11	2833	2017	2847	2194	65	ٔ
0		11	2805	2017	2833	2194	100	ة
0		11	2776	2017	2805	2194	100	 
0		11	2762	2017	2776	2194	100	ا
0		11	2727	2017	2762	2194	100	ل
0		11	2699	2017	2727	2194	100	ع
0		11	2664	2017	2699	2194	100	ي
0		11	2608	2017	2664	2194	99	س
0		11	2566	2017	2608	2194	94	و
0		11	2531	2017	2566	2194	94	ي
0		11	2510	2017	2531	2194	100	ة
0		11	2475	2017	2510	2194	100	 
0		11	2447	2017	2475	2194	90	ت
0		11	2398	2017	2447	2194	100	ع
0		11	2341	2017	2398	2194	100	ط
0		11	2299	2017	2342	2194	100	ي
0		11	2250	2017	2299	2194	54	 
0		11	2208	2017	2250	2194	91	ذ
0		11	2166	2017	2208	2194	100	ل
0		11	2103	2017	2166	2194	100	ك
0		11	2047	2017	2103	2194	100	 
0		11	2026	2017	2047	2194	99	.
0		11	1991	2017	2026	2194	100	 
0		11	1942	2017	1991	2194	98	و
0		11	1878	2017	1942	2194	100	خ
0		11	1829	2017	1879	2194	99	ر
0		11	1773	2017	1829	2194	100	ج
0		11	1738	2017	1773	2194	98	 
0		11	1703	2017	1738	2194	100	ع
0		11	1668	2017	1703	2194	99	ي
0		11	1619	2017	1668	2194	95	س
0		11	1563	2017	1619	2194	82	ى
0		11	1500	2017	1563	2194	100	 
0		11	1465	2017	1500	2194	100	م
0		11	1437	2017	1465	2194	97	ن
0		11	1401	2017	1436	2194	100	 
0		11	1373	2017	1401	2194	100	ا
0		11	1352	2017	1373	2194	69	ل
0		11	1324	2017	1352	2194	99	ت
0		11	1289	2017	1324	2194	89	و
0		11	1240	2017	1289	2194	100	ا
0		11	1191	2017	1240	2194	98	ض
0		11	1142	2017	1191	2194	100	ع
0		11	1107	2017	1142	2194	100	 
0		11	1079	2017	1107	2194	99	ا
0		11	1065	2017	1079	2194	100	ٕ
0		11	1051	2017	1065	2194	100	ل
0		11	1023	2017	1051	2194	100	ى
0		11	980	2017	1023	2194	100	 
0		11	966	2017	980	2194	100	ا
0		11	938	2017	966	2194	100	ٔ
0		11	889	2017	938	2194	100	ن
0		11	847	2017	889	2194	100	 
0		11	784	2017	847	2194	100	ش
0		11	707	2017	784	2194	100	ر
0		11	644	2017	707	2194	100	ع
0		11	602	2017	644	2194	100	 
0		11	574	2017	602	2194	100	ل
0		11	560	2017	574	2194	100	ا
0		11	531	2017	560	2194	97	ٔ
0		11	496	2017	531	2194	100	م
0		11	461	2017	496	2194	53	ت
0		11	433	2017	461	2194	93	ه
0		11	405	2017	433	2194	100	 
0		11	377	2017	405	2194	100	ا
0		11	356	2017	377	2194	100	ٔ
0		11	314	2017	356	2194	100	ن
0		12	2962	2203	2998	2370	99	«
0		12	2926	2203	2962	2370	98	ي
0		12	2878	2203	2926	2370	71	ع
0		12	2830	2203	2878	2370	72	ط
0		12	2794	2203	2830	2370	100	و
0		12	2752	2203	2794	2370	100	ا
0		12	2722	2203	2752	2370	100	 
0		12	2698	2203	2722	2370	99	ا
0		12	2662	2203	2698	2370	98	ل
0		12	2638	2203	2662	2370	100	ج
0		12	2596	2203	2638	2370	100	ز
0		12	2566	2203	2596	2370	100	ي
0		12	2536	2203	2566	2370	100	ة
0		12	2494	2203	2536	2370	100	 
0		12	2458	2203	2494	2370	100	ع
0		12	2398	2203	2458	2370	100	ن
0		12	2344	2203	2398	2370	100	 
0		12	2313	2203	2343	2370	100	ي
0		12	2271	2203	2313	2370	100	د
0		12	2235	2203	2271	2370	84	 
0		12	2187	2203	2235	2370	99	و
0		12	2151	2203	2187	2370	100	ه
0		12	2121	2203	2151	2370	100	م
0		12	2085	2203	2121	2370	100	 
0		12	2037	2203	2085	2370	69	ص
0		12	1989	2203	2037	2370	100	ا
0		12	1947	2203	1989	2370	100	غ
0		12	1905	2203	1947	2370	99	ر
0		12	1851	2203	1905	2370	99	و
0		12	1785	2203	1851	2370	100	ن
0		12	1743	2203	1785	2370	95	»
0		12	1713	2203	1743	2370	100	 
0		12	1677	2203	1713	2370	100	و
0		12	1653	2203	1677	2370	100	ا
0		12	1623	2203	1653	2370	99	ٔ
0		12	1581	2203	1623	2370	93	ن
0		12	1545	2203	1581	2370	100	 
0		12	1533	2203	1545	2370	100	ا
0		12	1497	2203	1533	2370	80	ٔ
0		12	1455	2203	1497	2370	100	ح
0		12	1395	2203	1455	2370	100	د
0		12	1365	2203	1395	2370	100	ه
0		12	1323	2203	1365	2370	100	م
0		12	1275	2203	1323	2370	100	 
0		12	1257	2203	1275	2370	99	ا
0		12	1239	2203	1257	2370	86	ٕ
0		12	1209	2203	1239	2370	100	ذ
0		12	1179	2203	1209	2370	100	ا
0		12	1149	2203	1179	2370	100	 
0		12	1107	2203	1149	2370	100	ل
0		12	1059	2203	1107	2370	93	ط
0		12	1011	2203	1059	2370	100	م
0		12	974	2203	1011	2370	100	 
0		12	956	2203	974	2370	100	ف
0		12	920	2203	956	2370	99	ي
0		12	872	2203	920	2370	100	 
0		12	818	2203	872	2370	100	خ
0		12	764	2203	818	2370	96	د
0		12	716	2203	764	2370	99	ه
0		12	662	2203	716	2370	100	 
0		12	626	2203	662	2370	96	و
0		12	554	2203	626	2370	100	ض
0		12	506	2203	554	2370	97	ع
0		12	476	2203	506	2370	100	 
0		12	440	2203	476	2370	100	ا
0		12	404	2203	440	2370	100	ل
0		12	380	2203	404	2370	94	خ
0		12	314	2203	380	2370	100	د
0		13	2982	2379	3006	2548	100	ا
0		13	2951	2379	2981	2548	100	ل
0		13	2939	2379	2951	2548	99	ا
0		13	2903	2379	2939	2548	99	ٓ
0		13	2860	2379	2902	2548	100	خ
0		13	2817	2379	2859	2548	94	ر
0		13	2781	2379	2817	2548	100	 
0		13	2756	2379	2780	2548	100	ل
0		13	2738	2379	2756	2548	84	م
0		13	2695	2379	2738	2548	99	ن
0		13	2659	2379	2695	2548	98	 
0		13	2623	2379	2659	2548	99	ل
0		13	2574	2379	2622	2548	100	ط
0		13	2525	2379	2573	2548	100	م
0		13	2488	2379	2524	2548	97	ه
0		13	2452	2379	2488	2548	100	 
0		13	2421	2379	2452	2548	100	،
0		13	2385	2379	2421	2548	100	 
0		13	2354	2379	2384	2548	100	و
0		13	2318	2379	2354	2548	100	ل
0		13	2294	2379	2318	2548	100	ا
0		13	2251	2379	2293	2548	100	 
0		13	2232	2379	2250	2548	100	ي
0		13	2196	2379	2232	2548	100	ر
0		13	2166	2379	2196	2548	100	ت
0		13	2117	2379	2165	2548	99	ف
0		13	2056	2379	2116	2548	99	ع
0		13	2013	2379	2056	2548	100	 
0		13	1983	2379	2013	2548	98	ع
0		13	1959	2379	1983	2548	97	ل
0		13	1916	2379	1958	2548	98	ي
0		13	1885	2379	1915	2548	99	ه
0		13	1849	2379	1885	2548	100	 
0		13	1812	2379	1849	2548	99	و
0		13	1782	2379	1812	2548	90	ل
0		13	1751	2379	1782	2548	95	ا
0		13	1715	2379	1751	2548	100	 
0		13	1673	2379	1715	2548	100	ي
0		13	1630	2379	1672	2548	99	ط
0		13	1581	2379	1629	2548	100	ل
0		13	1532	2379	1580	2548	100	ب
0		13	1489	2379	1532	2548	100	 
0		13	1465	2379	1489	2548	100	ا
0		13	1441	2379	1465	2548	100	ل
0		13	1398	2379	1440	2548	100	ق
0		13	1350	2379	1398	2548	90	ص
0		13	1295	2379	1349	2548	100	ا
0		13	1234	2379	1294	2548	81	ص
0		13	1167	2379	1233	2548	100	 
0		13	1136	2379	1166	2548	100	م
0		13	1100	2379	1136	2548	84	ن
0		13	1069	2379	1099	2548	98	ه
0		13	1045	2379	1069	2548	100	 
0		13	1021	2379	1045	2548	80	.
0		13	978	2379	1020	2548	100	 
0		13	942	2379	978	2548	100	ه
0		13	905	2379	941	2548	79	ذ
0		13	862	2379	904	2548	100	ا
0		13	844	2379	862	2548	100	 
0		13	814	2379	844	2548	100	ل
0		13	777	2379	813	2548	100	ه
0		13	753	2379	777	2548	100	 
0		13	716	2379	752	2548	99	م
0		13	674	2379	716	2548	100	ن
0		13	631	2379	673	2548	99	 
0		13	582	2379	630	2548	100	ج
0		13	540	2379	582	2548	100	ه
0		13	509	2379	539	2548	100	ة
0		13	479	2379	509	2548	83	 
0		13	454	2379	478	2548	100	ا
0		13	436	2379	454	2548	84	ٔ
0		13	400	2379	436	2548	100	م
0		13	369	2379	399	2548	93	ه
0		13	339	2379	369	2548	100	 
0		13	314	2379	338	2548	92	،
0		14	2985	2557	3007	2735	100	ا
0		14	2964	2557	2986	2735	92	ٕ
0		14	2936	2557	2964	2735	59	ذ
0		14	2900	2557	2936	2735	99	 
0		14	2879	2557	2901	2735	97	ا
0		14	2858	2557	2879	2735	49	ل
0		14	2830	2557	2858	2735	100	م
0		14	2809	2557	2830	2735	93	ر
0		14	2773	2557	2808	2735	99	ا
0		14	2752	2557	2773	2735	99	ٔ
0		14	2724	2557	2752	2735	66	ة
0		14	2688	2557	2723	2735	100	 
0		14	2674	2557	2688	2735	100	ل
0		14	2660	2557	2674	2735	79	ه
0		14	2639	2557	2660	2735	87	م
0		14	2617	2557	2638	2735	100	ا
0		14	2589	2557	2617	2735	100	 
0		14	2574	2557	2589	2735	95	ا
0		14	2539	2557	2575	2735	100	ل
0		14	2503	2557	2539	2735	100	س
0		14	2468	2557	2504	2735	45	ت
0		14	2426	2557	2468	2735	100	ف
0		14	2362	2557	2425	2735	88	ل
0		14	2305	2557	2362	2735	100	 
0		14	2277	2557	2305	2735	99	،
0		14	2242	2557	2277	2735	96	 
0		14	2213	2557	2241	2735	70	ف
0		14	2177	2557	2213	2735	99	ل
0		14	2149	2557	2178	2735	100	ه
0		14	2121	2557	2149	2735	100	ا
0		14	2093	2557	2121	2735	100	 
0		14	2078	2557	2093	2735	100	ا
0		14	2057	2557	2079	2735	100	ل
0		14	2015	2557	2057	2735	100	ت
0		14	1987	2557	2015	2735	94	و
0		14	1944	2557	1986	2735	100	ا
0		14	1880	2557	1944	2735	99	ض
0		14	1837	2557	1881	2735	99	ع
0		14	1809	2557	1838	2735	100	 
0		14	1781	2557	1809	2735	98	ل
0		14	1767	2557	1781	2735	96	ا
0		14	1738	2557	1767	2735	100	ٔ
0		14	1710	2557	1738	2735	99	ن
0		14	1689	2557	1710	2735	100	ه
0		14	1661	2557	1689	2735	95	ا
0		14	1632	2557	1660	2735	85	 
0		14	1604	2557	1632	2735	80	ت
0		14	1554	2557	1604	2735	99	ح
0		14	1491	2557	1555	2735	78	ت
0		14	1455	2557	1490	2735	97	 
0		14	1426	2557	1455	2735	100	ا
0		14	1398	2557	1427	2735	100	ل
0		14	1355	2557	1398	2735	100	ر
0		14	1292	2557	1356	2735	99	ج
0		14	1250	2557	1292	2735	100	ل
0		14	1185	2557	1249	2735	100	 
0		14	1114	2557	1186	2735	96	ح
0		14	1058	2557	1115	2735	99	ك
0		14	1030	2557	1058	2735	100	ا
0		14	1015	2557	1030	2735	100	ً
0		14	994	2557	1016	2735	92	 
0		14	944	2557	994	2735	98	و
0		14	888	2557	945	2735	99	ح
0		14	831	2557	888	2735	100	س
0		14	789	2557	832	2735	100	ا
0		14	775	2557	789	2735	98	ً
0		14	746	2557	775	2735	100	 
0		14	725	2557	746	2735	100	.
0		14	683	2557	725	2735	100	 
0		14	647	2557	682	2735	100	و
0		14	598	2557	647	2735	98	م
0		14	562	2557	597	2735	100	ا
0		14	533	2557	562	2735	55	 
0		14	491	2557	534	2735	100	ك
0		14	470	2557	491	2735	98	ا
0		14	420	2557	470	2735	100	ن
0		14	385	2557	421	2735	100	ف
0		14	349	2557	385	2735	100	ي
0		14	314	2557	350	2735	100	ه
0		15	2975	2744	3011	2902	99	م
0		15	2945	2744	2975	2902	100	ن
0		15	2903	2744	2945	2902	99	 
0		15	2873	2744	2903	2902	83	ق
0		15	2824	2744	2872	2902	98	و
0		15	2776	2744	2824	2902	100	ة
0		15	2740	2744	2776	2902	97	 
0		15	2716	2744	2740	2902	100	ا
0		15	2692	2744	2716	2902	100	ل
0		15	2668	2744	2692	2902	100	ا
0		15	2638	2744	2668	2902	100	ٕ
0		15	2584	2744	2638	2902	100	ح
0		15	2553	2744	2583	2902	98	ي
0		15	2517	2744	2553	2902	99	ا
0		15	2481	2744	2517	2902	100	ء
0		15	2433	2744	2481	2902	100	 
0		15	2391	2744	2433	2902	100	و
0		15	2361	2744	2391	2902	59	ا
0		15	2331	2744	2361	2902	100	ل
0		15	2319	2744	2331	2902	84	ا
0		15	2301	2744	2319	2902	69	ٕ
0		15	2277	2744	2301	2902	100	ب
0		15	2246	2744	2276	2902	99	ر
0		15	2204	2744	2246	2902	100	ا
0		15	2162	2744	2204	2902	56	ء
0		15	2108	2744	2162	2902	100	 
0		15	2090	2744	2108	2902	100	ف
0		15	2054	2744	2090	2902	100	م
0		15	2018	2744	2054	2902	100	ن
0		15	1964	2744	2018	2902	98	 
0		15	1909	2744	1963	2902	100	ج
0		15	1873	2744	1909	2902	98	ه
0		15	1843	2744	1873	2902	50	ة
0		15	1807	2744	1843	2902	98	 
0		15	1783	2744	1807	2902	66	ن
0		15	1741	2744	1783	2902	94	ف
0		15	1687	2744	1741	2902	93	خ
0		15	1614	2744	1686	2902	100	 
0		15	1560	2744	1614	2902	100	ج
0		15	1536	2744	1560	2902	100	ب
0		15	1500	2744	1536	2902	100	ر
0		15	1470	2744	1500	2902	57	ي
0		15	1422	2744	1470	2902	100	ل
0		15	1362	2744	1422	2902	100	 
0		15	1343	2744	1361	2902	98	ف
0		15	1307	2744	1343	2902	100	ي
0		15	1265	2744	1307	2902	100	 
0		15	1187	2744	1265	2902	100	ص
0		15	1109	2744	1187	2902	100	و
0		15	1061	2744	1109	2902	100	ر
0		15	1024	2744	1060	2902	100	ة
0		15	994	2744	1024	2902	100	 
0		15	970	2744	994	2902	100	ا
0		15	952	2744	970	2902	100	ل
0		15	916	2744	952	2902	100	ب
0		15	874	2744	916	2902	99	ش
0		15	808	2744	874	2902	100	ر
0		15	760	2744	808	2902	100	 
0		15	735	2744	759	2902	100	.
0		15	699	2744	735	2902	100	 
0		15	657	2744	699	2902	100	ف
0		15	609	2744	657	2902	100	ك
0		15	585	2744	609	2902	100	ا
0		15	543	2744	585	2902	99	ن
0		15	495	2744	543	2902	100	 
0		15	459	2744	495	2902	83	ع
0		15	428	2744	458	2902	75	ي
0		15	374	2744	428	2902	100	س
0		15	314	2744	374	2902	98	ى
0		16	2989	2911	3013	3081	100	ي
0		16	2957	2911	2988	3081	98	ح
0		16	2913	2911	2957	3081	94	ي
0		16	2863	2911	2913	3081	88	ي
0		16	2819	2911	2863	3081	99	 
0		16	2800	2911	2819	3081	99	ا
0		16	2769	2911	2800	3081	100	ل
0		16	2756	2911	2768	3081	100	م
0		16	2725	2911	2756	3081	95	و
0		16	2681	2911	2725	3081	100	ت
0		16	2624	2911	2681	3081	58	ى
0		16	2562	2911	2625	3081	100	 
0		16	2530	2911	2561	3081	79	ب
0		16	2473	2911	2530	3081	99	ص
0		16	2417	2911	2474	3081	100	و
0		16	2367	2911	2417	3081	100	ر
0		16	2329	2911	2367	3081	100	ة
0		16	2286	2911	2329	3081	100	 
0		16	2217	2911	2285	3081	94	(
0		16	2191	2911	2216	3081	87	5
0		16	2178	2911	2191	3081	83	8
0		16	2116	2911	2179	3081	96	 
0		16	2065	2911	2116	3081	96	-
0		16	2016	2911	2066	3081	98	 
0		16	1990	2911	2015	3081	89	ا
0		16	1947	2911	1990	3081	99	)
0		16	1915	2911	1946	3081	99	 
0		16	1903	2911	1915	3081	99	ا
0		16	1871	2911	1902	3081	91	ل
0		16	1833	2911	1870	3081	91	ب
0		16	1789	2911	1833	3081	99	ش
0		16	1739	2911	1789	3081	100	ر
0		16	1696	2911	1739	3081	100	 
0		16	1664	2911	1695	3081	100	.
0		16	1633	2911	1664	3081	100	 
0		16	1595	2911	1632	3081	97	و
0		16	1564	2911	1594	3081	99	ل
0		16	1545	2911	1563	3081	99	م
0		16	1507	2911	1544	3081	100	 
0		16	1488	2911	1506	3081	98	ي
0		16	1463	2911	1488	3081	100	ا
0		16	1431	2911	1463	3081	100	ٔ
0		16	1375	2911	1432	3081	100	ت
0		16	1300	2911	1375	3081	99	 
0		16	1250	2911	1299	3081	100	ج
0		16	1218	2911	1249	3081	99	ب
0		16	1180	2911	1218	3081	56	ر
0		16	1143	2911	1180	3081	100	ي
0		16	1098	2911	1142	3081	100	ل
0		16	1043	2911	1099	3081	100	 
0		16	1024	2911	1042	3081	100	ف
0		16	992	2911	1023	3081	100	ي
0		16	948	2911	992	3081	80	 
0		16	897	2911	948	3081	55	ص
0		16	848	2911	898	3081	100	و
0		16	791	2911	847	3081	100	ر
0		16	747	2911	791	3081	60	ة
0		16	710	2911	747	3081	99	 
0		16	685	2911	709	3081	100	ا
0		16	653	2911	684	3081	100	ل
0		16	622	2911	653	3081	95	ب
0		16	572	2911	621	3081	100	ش
0		16	528	2911	571	3081	100	ر
0		16	490	2911	527	3081	100	 
0		16	459	2911	489	3081	100	و
0		16	421	2911	458	3081	100	ا
0		16	408	2911	420	3081	100	ٔ
0		16	371	2911	408	3081	86	ت
0		16	314	2911	370	3081	100	ى
0		17	2997	3090	3015	3255	81	ف
0		17	2960	3090	2996	3255	99	ي
0		17	2911	3090	2959	3255	99	 
0		17	2869	3090	2911	3255	99	ص
0		17	2813	3090	2868	3255	97	و
0		17	2759	3090	2813	3255	100	ر
0		17	2722	3090	2758	3255	100	ة
0		17	2679	3090	2721	3255	100	 
0		17	2648	3090	2678	3255	100	غ
0		17	2618	3090	2648	3255	100	ي
0		17	2575	3090	2617	3255	95	ر
0		17	2526	3090	2574	3255	100	ه
0		17	2502	3090	2526	3255	95	ا
0		17	2465	3090	2501	3255	100	 
0		17	2428	3090	2465	3255	100	م
0		17	2392	3090	2428	3255	99	ن
0		17	2349	3090	2391	3255	100	 
0		17	2300	3090	2348	3255	100	ص
0		17	2251	3090	2299	3255	100	و
0		17	2202	3090	2251	3255	100	ر
0		17	2166	3090	2202	3255	100	 
0		17	2147	3090	2165	3255	100	ا
0		17	2117	3090	2147	3255	99	ل
0		17	2068	3090	2116	3255	100	ا
0		17	2019	3090	2067	3255	99	ك
0		17	1982	3090	2018	3255	100	و
0		17	1934	3090	1982	3255	99	ا
0		17	1885	3090	1933	3255	94	ن
0		17	1836	3090	1884	3255	100	 
0		17	1811	3090	1835	3255	99	ا
0		17	1787	3090	1811	3255	100	ل
0		17	1744	3090	1786	3255	99	ع
0		17	1714	3090	1744	3255	87	ن
0		17	1659	3090	1713	3255	100	ص
0		17	1604	3090	1658	3255	100	ر
0		17	1567	3090	1603	3255	100	ي
0		17	1536	3090	1566	3255	100	ة
0		17	1487	3090	1536	3255	100	 
0		17	1451	3090	1487	3255	98	م
0		17	1408	3090	1450	3255	100	ن
0		17	1359	3090	1407	3255	100	 
0		17	1310	3090	1359	3255	100	ح
0		17	1274	3090	1310	3255	100	ي
0		17	1237	3090	1273	3255	100	و
0		17	1194	3090	1236	3255	100	ا
0		17	1145	3090	1194	3255	100	ن
0		17	1115	3090	1145	3255	100	 
0		17	1090	3090	1114	3255	100	ا
0		17	1066	3090	1090	3255	97	ٔ
0		17	1035	3090	1065	3255	100	و
0		17	999	3090	1035	3255	100	 
0		17	968	3090	998	3255	100	ن
0		17	937	3090	967	3255	100	ب
0		17	889	3090	937	3255	100	ا
0		17	840	3090	888	3255	91	ت
0		17	797	3090	839	3255	100	 
0		17	772	3090	797	3255	100	ا
0		17	754	3090	772	3255	98	ٔ
0		17	724	3090	754	3255	88	و
0		17	675	3090	723	3255	100	 
0		17	638	3090	674	3255	100	ج
0		17	608	3090	638	3255	100	م
0		17	577	3090	607	3255	100	ا
0		17	546	3090	576	3255	100	د
0		17	516	3090	546	3255	100	 
0		17	461	3090	516	3255	100	ل
0		17	400	3090	460	3255	100	ك
0		17	369	3090	399	3255	100	ا
0		17	314	3090	369	3255	100	ن
0		18	3114	3264	3212	3433	64	8
0		18	3003	3264	3114	3433	90	 
0		18	2971	3264	3004	3433	100	ع
0		18	2931	3264	2971	3433	100	ي
0		18	2879	3264	2932	3433	92	س
0		18	2833	3264	2879	3433	96	ى
0		18	2795	3264	2834	3433	100	 
0		18	2769	3264	2794	3433	100	ل
0		18	2742	3264	2768	3433	80	ا
0		18	2703	3264	2743	3433	99	 
0		18	2678	3264	2704	3433	71	ي
0		18	2645	3264	2677	3433	73	ح
0		18	2606	3264	2645	3433	99	ي
0		18	2554	3264	2606	3433	74	ي
0		18	2509	3264	2554	3433	100	 
0		18	2496	3264	2508	3433	100	ا
0		18	2483	3264	2495	3433	99	ٕ
0		18	2463	3264	2482	3433	100	ل
0		18	2430	3264	2463	3433	100	ا
0		18	2385	3264	2431	3433	99	 
0		18	2325	3264	2385	3433	100	ح
0		18	2280	3264	2326	3433	92	ق
0		18	2234	3264	2280	3433	89	 
0		18	2202	3264	2235	3433	88	ي
0		18	2176	3264	2202	3433	96	ت
0		18	2137	3264	2176	3433	96	ل
0		18	2111	3264	2137	3433	96	ب
0		18	2046	3264	2111	3433	99	س
0		18	1988	3264	2046	3433	100	 
0		18	1961	3264	1987	3433	99	ب
0		18	1929	3264	1962	3433	100	ت
0		18	1884	3264	1929	3433	100	ل
0		18	1831	3264	1883	3433	100	ك
0		18	1793	3264	1832	3433	100	 
0		18	1772	3264	1792	3433	98	ا
0		18	1739	3264	1773	3433	100	ل
0		18	1681	3264	1740	3433	100	ص
0		18	1635	3264	1681	3433	99	و
0		18	1577	3264	1636	3433	100	ر
0		18	1538	3264	1577	3433	100	ة
0		18	1499	3264	1538	3433	100	 
0		18	1466	3264	1499	3433	94	و
0		18	1421	3264	1467	3433	99	ي
0		18	1369	3264	1421	3433	100	ظ
0		18	1330	3264	1369	3433	100	ه
0		18	1297	3264	1330	3433	100	ر
0		18	1252	3264	1298	3433	100	 
0		18	1226	3264	1252	3433	99	ف
0		18	1193	3264	1226	3433	99	ي
0		18	1154	3264	1193	3433	100	ه
0		18	1128	3264	1153	3433	100	ا
0		18	1095	3264	1127	3433	100	 
0		18	1069	3264	1095	3433	100	.
0		18	1030	3264	1069	3433	100	 
0		18	997	3264	1030	3433	100	و
0		18	965	3264	998	3433	93	ل
0		18	932	3264	965	3433	56	و
0		18	900	3264	933	3433	100	 
0		18	881	3264	900	3433	98	ا
0		18	861	3264	880	3433	97	ٔ
0		18	828	3264	861	3433	100	ت
0		18	789	3264	829	3433	100	ى
0		18	731	3264	790	3433	100	 
0		18	666	3264	731	3433	100	ج
0		18	620	3264	666	3433	36	ر
0		18	580	3264	620	3433	100	ي
0		18	529	3264	581	3433	80	ل
0		18	477	3264	528	3433	51	 
0		18	464	3264	476	3433	100	ا
0		18	438	3264	463	3433	66	ٔ
0		18	411	3264	437	3433	100	ي
0		18	353	3264	412	3433	100	ض
0		18	314	3264	353	3433	96	ا
0		19	2987	3442	3019	3662	82	ب
0		19	2929	3442	2987	3662	100	ص
0		19	2884	3442	2929	3662	100	و
0		19	2832	3442	2884	3662	100	ر
0		19	2793	3442	2833	3662	99	ت
0		19	2762	3442	2794	3662	99	ه
0		19	2730	3442	2761	3662	100	 
0		19	2717	3442	2729	3662	98	ا
0		19	2684	3442	2716	3662	100	ل
0		19	2659	3442	2684	3662	100	ن
0		19	2613	3442	2658	3662	100	و
0		19	2562	3442	2614	3662	99	ر
0		19	2523	3442	2562	3662	100	ي
0		19	2491	3442	2524	3662	99	ة
0		19	2459	3442	2491	3662	99	 
0		19	2427	3442	2458	3662	95	ا
0		19	2395	3442	2426	3662	100	ل
0		19	2362	3442	2394	3662	100	خ
0		19	2337	3442	2362	3662	64	ا
0		19	2285	3442	2336	3662	100	ر
0		19	2227	3442	2285	3662	100	ج
0		19	2189	3442	2227	3662	100	ة
0		19	2143	3442	2188	3662	100	 
0		19	2098	3442	2143	3662	100	ع
0		19	2053	3442	2098	3662	100	ن
0		19	2021	3442	2053	3662	100	 
0		19	1995	3442	2020	3662	100	ا
0		19	1969	3442	1995	3662	100	ل
0		19	1937	3442	1970	3662	76	ع
0		19	1905	3442	1937	3662	100	ن
0		19	1866	3442	1905	3662	98	ا
0		19	1808	3442	1867	3662	98	ص
0		19	1757	3442	1808	3662	100	ر
0		19	1718	3442	1757	3662	100	 
0		19	1680	3442	1718	3662	99	و
0		19	1648	3442	1679	3662	98	ا
0		19	1622	3442	1647	3662	100	ل
0		19	1609	3442	1621	3662	86	ا
0		19	1583	3442	1608	3662	99	ٔ
0		19	1532	3442	1582	3662	100	ر
0		19	1493	3442	1531	3662	85	ك
0		19	1467	3442	1492	3662	100	ا
0		19	1422	3442	1467	3662	100	ن
0		19	1390	3442	1422	3662	100	 
0		19	1344	3442	1389	3662	100	-
0		19	1300	3442	1345	3662	100	 
0		19	1287	3442	1299	3662	99	ا
0		19	1267	3442	1286	3662	100	ٕ
0		19	1235	3442	1267	3662	99	ذ
0		19	1210	3442	1235	3662	100	 
0		19	1184	3442	1209	3662	100	ل
0		19	1151	3442	1183	3662	100	ا
0		19	1113	3442	1151	3662	100	 
0		19	1081	3442	1113	3662	100	ي
0		19	1054	3442	1080	3662	100	خ
0		19	996	3442	1055	3662	100	ر
0		19	951	3442	997	3662	100	ج
0		19	900	3442	952	3662	100	 
0		19	861	3442	900	3662	82	ع
0		19	822	3442	862	3662	99	ن
0		19	765	3442	823	3662	100	 
0		19	719	3442	765	3662	90	ط
0		19	688	3442	720	3662	100	ب
0		19	655	3442	687	3662	100	ي
0		19	616	3442	656	3662	64	ع
0		19	578	3442	617	3662	94	ت
0		19	553	3442	578	3662	100	ه
0		19	540	3442	552	3662	100	 
0		19	500	3442	539	3662	100	-
0		19	437	3442	501	3662	100	ل
0		19	398	3442	436	3662	100	ك
0		19	366	3442	397	3662	100	ا
0		19	314	3442	365	3662	100	ن
